seq,kind,hw_valid,hw_timestamp,handler_receipt_qpc,encode_start_qpc,present_submitted_qpc,hw_to_receipt_us,receipt_to_encode_us,encode_to_present_us,receipt_to_present_us,hw_to_present_us
0,update,true,264388439419,264388443085,264388443903,264388512762,152.750,34.083,2869.125,2903.208,3055.958
1,update,true,264388592875,264388594346,264388594486,264389050838,61.292,5.833,19014.667,19020.500,19081.792
2,update,true,264389051887,264389054262,264389054358,264389130644,98.958,4.000,3178.583,3182.583,3281.542
3,update,true,264389157886,264389158603,264389158687,264389167691,29.875,3.500,375.167,378.667,408.542
4,update,true,264389384261,264389385127,264389385212,264389394702,36.083,3.542,395.417,398.958,435.042
5,update,true,264389572410,264389573258,264389573349,264389583854,35.333,3.792,437.708,441.500,476.833
6,update,true,264389788857,264389789450,264389789523,264389797625,24.708,3.042,337.583,340.625,365.333
7,update,true,264389952701,264389953339,264389953429,264389963628,26.583,3.750,424.958,428.708,455.292
8,update,true,264390174900,264390175605,264390175677,264390184939,29.375,3.000,385.917,388.917,418.292
9,update,true,264390357054,264390357527,264390357589,264390364883,19.708,2.583,303.917,306.500,326.208
10,update,true,264390552667,264390553356,264390553426,264390562330,28.708,2.917,371.000,373.917,402.625
11,update,true,264390714096,264390715238,264390715348,264390727504,47.583,4.583,506.500,511.083,558.667
12,update,true,264390853650,264390854304,264390854399,264390862818,27.250,3.958,350.792,354.750,382.000
13,update,true,264391056531,264391057548,264391057644,264391069272,42.375,4.000,484.500,488.500,530.875
14,update,true,264391238006,264391238719,264391238797,264391248474,29.708,3.250,403.208,406.458,436.167
15,update,true,264391430053,264391430612,264391430681,264391438597,23.292,2.875,329.833,332.708,356.000
16,update,true,264391621031,264391622143,264391622245,264391634315,46.333,4.250,502.917,507.167,553.500
17,update,true,264391818274,264391819354,264391819460,264391830894,45.000,4.417,476.417,480.833,525.833
18,update,true,264392008770,264392009452,264392009532,264392020927,28.417,3.333,474.792,478.125,506.542
19,update,true,264392193632,264392194510,264392194623,264392208570,36.583,4.708,581.125,585.833,622.417
20,update,true,264392387794,264392388367,264392388437,264392396503,23.875,2.917,336.083,339.000,362.875
21,update,true,264392593494,264392595175,264392595341,264392616124,70.042,6.917,865.958,872.875,942.917
22,update,true,264392775277,264392776325,264392776478,264392789301,43.667,6.375,534.292,540.667,584.333
23,update,true,264392962660,264392964468,264392964642,264392979793,75.333,7.250,631.292,638.542,713.875
24,update,true,264393153671,264393155935,264393156107,264393201683,94.333,7.167,1899.000,1906.167,2000.500
25,update,true,264393339661,264393341228,264393341400,264393358622,65.292,7.167,717.583,724.750,790.042
26,update,true,264393531456,264393532994,264393533134,264393548476,64.083,5.833,639.250,645.083,709.167
27,update,true,264393734600,264393736142,264393736307,264393752703,64.250,6.875,683.167,690.042,754.292
28,update,true,264393936428,264393938249,264393938404,264393955074,75.875,6.458,694.583,701.042,776.917
29,update,true,264394145387,264394146949,264394147117,264394164371,65.083,7.000,718.917,725.917,791.000
30,update,true,264394323430,264394324835,264394324980,264394343353,58.542,6.042,765.542,771.583,830.125
31,update,true,264394466705,264394467477,264394467569,264394479077,32.167,3.833,479.500,483.333,515.500
32,update,true,264394661807,264394662555,264394662659,264394672661,31.167,4.333,416.750,421.083,452.250
33,update,true,264394855191,264394856030,264394856120,264394866099,34.958,3.750,415.792,419.542,454.500
34,update,true,264395049026,264395049838,264395049920,264395058514,33.833,3.417,358.083,361.500,395.333
35,update,true,264395240449,264395242488,264395242616,264395253822,84.958,5.333,466.917,472.250,557.208
36,update,true,264395431911,264395433302,264395433426,264395447047,57.958,5.167,567.542,572.708,630.667
37,update,true,264395622800,264395623997,264395624129,264395637437,49.875,5.500,554.500,560.000,609.875
38,update,true,264395818343,264395819402,264395819509,264395829575,44.125,4.458,419.417,423.875,468.000
39,update,true,264401931607,264401935112,264401935440,264401963105,146.042,13.667,1152.708,1166.375,1312.417
40,update,true,264402095442,264402097177,264402097330,264402114241,72.292,6.375,704.625,711.000,783.292
41,update,true,264402361159,264402362465,264402362612,264402377653,54.417,6.125,626.708,632.833,687.250
42,update,true,264402472082,264402472906,264402473019,264402482179,34.333,4.708,381.667,386.375,420.708
43,update,true,264402659865,264402660745,264402660841,264402670782,36.667,4.000,414.208,418.208,454.875
44,update,true,264402859239,264402860164,264402860282,264402870554,38.542,4.917,428.000,432.917,471.458
45,update,true,264403046887,264403048306,264403048448,264403060447,59.125,5.917,499.958,505.875,565.000
46,update,true,264403235005,264403236370,264403236500,264403252593,56.875,5.417,670.542,675.958,732.833
47,update,true,264403422381,264403423883,264403424010,264403440707,62.583,5.292,695.708,701.000,763.583
48,update,true,264403612658,264403613957,264403614104,264403629470,54.125,6.125,640.250,646.375,700.500
49,update,true,264403802834,264403804323,264403804477,264403825306,62.042,6.417,867.875,874.292,936.333
50,update,true,264403996249,264403997855,264403998027,264404018280,66.917,7.167,843.875,851.042,917.958
51,update,true,264404195773,264404198405,264404198623,264404219054,109.667,9.083,851.292,860.375,970.042
52,update,true,264404391927,264404393571,264404393763,264404412513,68.500,8.000,781.250,789.250,857.750
53,update,true,264404599980,264404601882,264404602058,264404622392,79.250,7.333,847.250,854.583,933.833
54,update,true,264404746619,264404748053,264404748203,264404762652,59.750,6.250,602.042,608.292,668.042
55,update,true,264404945979,264404947814,264404947981,264404968440,76.458,6.958,852.458,859.417,935.875
56,update,true,264405146765,264405148544,264405148728,264405163522,74.125,7.667,616.417,624.083,698.208
57,update,true,264405332625,264405334011,264405334152,264405346957,57.750,5.875,533.542,539.417,597.167
58,update,true,264405533926,264405535516,264405535656,264405549710,66.250,5.833,585.583,591.417,657.667
59,update,true,264405737975,264405739430,264405739576,264405752757,60.625,6.083,549.208,555.292,615.917
60,update,true,264405923499,264405924563,264405924696,264405939392,44.333,5.542,612.333,617.875,662.208
61,update,true,264406068749,264406070604,264406070716,264406079451,77.292,4.667,363.958,368.625,445.917
62,update,true,264406262813,264406263685,264406263785,264406273053,36.333,4.167,386.167,390.333,426.667
63,update,true,264406461808,264406462612,264406462715,264406472611,33.500,4.292,412.333,416.625,450.125
64,update,true,264406651292,264406652009,264406652093,264406659376,29.875,3.500,303.458,306.958,336.833
65,update,true,264406848346,264406850208,264406850321,264406860551,77.583,4.708,426.250,430.958,508.542
66,update,true,264407035984,264407037260,264407037383,264407051406,53.167,5.125,584.292,589.417,642.583
67,update,true,264407224005,264407225593,264407225720,264407238824,66.167,5.292,546.000,551.292,617.458
68,update,true,264407411922,264407413097,264407413214,264407424212,48.958,4.875,458.250,463.125,512.083
69,update,true,264407602042,264407603295,264407603435,264407616029,52.208,5.833,524.750,530.583,582.792
70,update,true,264407798474,264407800015,264407800168,264407815634,64.208,6.375,644.417,650.792,715.000
71,update,true,264407991794,264407993153,264407993302,264408011073,56.625,6.208,740.458,746.667,803.292
72,update,true,264408173915,264408175242,264408175376,264408190106,55.292,5.583,613.750,619.333,674.625
73,update,true,264408369429,264408371019,264408371156,264408388902,66.250,5.708,739.417,745.125,811.375
74,update,true,264408552558,264408555958,264408556154,264408570145,141.667,8.167,582.958,591.125,732.792
75,update,true,264408741273,264408743083,264408743253,264408759662,75.417,7.083,683.708,690.792,766.208
76,update,true,264408927888,264408929098,264408929224,264408941853,50.417,5.250,526.208,531.458,581.875
77,update,true,264409127861,264409129463,264409129631,264409143168,66.750,7.000,564.042,571.042,637.792
78,update,true,264409322093,264409323455,264409323624,264409335885,56.750,7.042,510.875,517.917,574.667
79,update,true,264409537079,264409538806,264409538973,264409554162,71.958,6.958,632.875,639.833,711.792
80,update,true,264409722954,264409724559,264409724708,264409738413,66.875,6.208,571.042,577.250,644.125
81,update,true,264409919169,264409920261,264409920384,264409934685,45.500,5.125,595.875,601.000,646.500
82,update,true,264410061310,264410062087,264410062179,264410071598,32.375,3.833,392.458,396.292,428.667
83,update,true,264410259665,264410260528,264410260642,264410268971,35.958,4.750,347.042,351.792,387.750
84,update,true,264410451976,264410452719,264410452816,264410460603,30.958,4.042,324.458,328.500,359.458
85,update,true,264410645780,264410646578,264410646663,264410654844,33.250,3.542,340.875,344.417,377.667
86,update,true,264410837120,264410839678,264410839802,264410851247,106.583,5.167,476.875,482.042,588.625
87,update,true,264411027500,264411029141,264411029270,264411041032,68.375,5.375,490.083,495.458,563.833
88,update,true,264411213665,264411214781,264411214890,264411226031,46.500,4.542,464.208,468.750,515.250
89,update,true,264411408107,264411409498,264411409622,264411420594,57.958,5.167,457.167,462.333,520.292
90,update,true,264411598684,264411600005,264411600145,264411612445,55.042,5.833,512.500,518.333,573.375
91,update,true,264411792916,264411794047,264411794193,264411809063,47.125,6.083,619.583,625.667,672.792
92,update,true,264411992018,264411993508,264411993679,264412011147,62.083,7.125,727.833,734.958,797.042
93,update,true,264412188858,264412190283,264412190427,264412206563,59.375,6.000,672.333,678.333,737.708
94,update,true,264412368949,264412369748,264412369831,264412377796,33.292,3.458,331.875,335.333,368.625
95,update,true,264412577218,264412578946,264412579103,264412595352,72.000,6.542,677.042,683.583,755.583
96,update,true,264412728757,264412729826,264412729937,264412740335,44.542,4.625,433.250,437.875,482.417
97,update,true,264412923952,264412925002,264412925100,264412933944,43.750,4.083,368.500,372.583,416.333
98,update,true,264414451329,264414452263,264414452373,264414463017,38.917,4.583,443.500,448.083,487.000
99,update,true,264414641387,264414642197,264414642292,264414650342,33.750,3.958,335.417,339.375,373.125
100,update,true,264414827488,264414828241,264414828327,264414835493,31.375,3.583,298.583,302.167,333.542
101,update,true,264415017910,264415018622,264415018710,264415026455,29.667,3.667,322.708,326.375,356.042
102,update,true,264415204587,264415205309,264415205387,264415212399,30.083,3.250,292.167,295.417,325.500
103,update,true,264415395700,264415396398,264415396479,264415403980,29.083,3.375,312.542,315.917,345.000
104,update,true,264415586303,264415587040,264415587120,264415594504,30.708,3.333,307.667,311.000,341.708
105,update,true,264415776268,264415776889,264415776968,264415784334,25.875,3.292,306.917,310.208,336.083
106,update,true,264415968700,264415969287,264415969368,264415977021,24.458,3.375,318.875,322.250,346.708
107,update,true,264416153887,264416154872,264416154969,264416163072,41.042,4.042,337.625,341.667,382.708
108,update,true,264416353441,264416354330,264416354417,264416365380,37.042,3.625,456.792,460.417,497.458
109,update,true,264416543548,264416545097,264416545264,264416561835,64.542,6.958,690.458,697.417,761.958
110,update,true,264416736248,264416737725,264416737882,264416753475,61.542,6.542,649.708,656.250,717.792
111,update,true,264416938775,264416940446,264416940604,264416956781,69.625,6.583,674.042,680.625,750.250
112,update,true,264417160271,264417161057,264417161169,264417172598,32.750,4.667,476.208,480.875,513.625
113,update,true,264417344936,264417346007,264417346102,264417358858,44.625,3.958,531.500,535.458,580.083
114,update,true,264417539013,264417540767,264417540942,264417559044,73.083,7.292,754.250,761.542,834.625
115,update,true,264417668168,264417668906,264417668987,264417679424,30.750,3.375,434.875,438.250,469.000
116,update,true,264417864037,264417864890,264417864985,264417874968,35.542,3.958,415.958,419.917,455.458
117,update,true,264418052756,264418053481,264418053563,264418064574,30.208,3.417,458.792,462.208,492.417
118,update,true,264418253394,264418254472,264418254788,264418265127,44.917,13.167,430.792,443.958,488.875
119,update,true,264418443317,264418444170,264418444267,264418453543,35.542,4.042,386.500,390.542,426.083
120,update,true,264418635133,264418636332,264418636454,264418651422,49.958,5.083,623.667,628.750,678.708
121,update,true,264418822141,264418823467,264418823606,264418836292,55.250,5.792,528.583,534.375,589.625
122,update,true,264419013027,264419014243,264419014356,264419026818,50.667,4.708,519.250,523.958,574.625
123,update,true,264419204120,264419205244,264419205366,264419221014,46.833,5.083,652.000,657.083,703.917
124,update,true,264419394507,264419395814,264419395955,264419410320,54.458,5.875,598.542,604.417,658.875
125,update,true,264419591354,264419592469,264419592621,264419607470,46.458,6.333,618.708,625.042,671.500
126,update,true,264419790367,264419791806,264419791958,264419808139,59.958,6.333,674.208,680.542,740.500
127,update,true,264419972980,264419974399,264419974540,264419990786,59.125,5.875,676.917,682.792,741.917
128,update,true,264420159367,264420160079,264420160158,264420168604,29.667,3.292,351.917,355.208,384.875
129,update,true,264420357288,264420358210,264420358306,264420368580,38.417,4.000,428.083,432.083,470.500
130,update,true,264420553640,264420554772,264420554871,264420566673,47.167,4.125,491.750,495.875,543.042
131,update,true,264420743775,264420745603,264420745779,264420762259,76.167,7.333,686.667,694.000,770.167
132,update,true,264420944495,264420945499,264420945625,264420956233,41.833,5.250,442.000,447.250,489.083
133,update,true,264421158670,264421159393,264421159477,264421169520,30.125,3.500,418.458,421.958,452.083
134,update,true,264421351103,264421351786,264421351852,264421361166,28.458,2.750,388.083,390.833,419.292
135,update,true,264421559448,264421560177,264421560239,264421568740,30.375,2.583,354.208,356.792,387.167
136,update,true,264421667000,264421667659,264421667719,264421675692,27.458,2.500,332.208,334.708,362.167
137,update,true,264421861903,264421862549,264421862628,264421872223,26.917,3.292,399.792,403.083,430.000
138,update,true,264422057181,264422057963,264422058048,264422067891,32.583,3.542,410.125,413.667,446.250
139,update,true,264422249113,264422249813,264422249890,264422258941,29.167,3.208,377.125,380.333,409.500
140,update,true,264422435419,264422437072,264422437184,264422448446,68.875,4.667,469.250,473.917,542.792
141,update,true,264422626676,264422627224,264422627290,264422637001,22.833,2.750,404.625,407.375,430.208
142,update,true,264422826082,264422827211,264422827278,264422834954,47.042,2.792,319.833,322.625,369.667
143,update,true,264422997478,264422998363,264422998453,264423008469,36.875,3.750,417.333,421.083,457.958
144,update,true,264423192212,264423193028,264423193132,264423205499,34.000,4.333,515.292,519.625,553.625
145,update,true,264423387946,264423388929,264423389043,264423400431,40.958,4.750,474.500,479.250,520.208
146,update,true,264423583907,264423584894,264423584996,264423594781,41.125,4.250,407.708,411.958,453.083
147,update,true,264423763693,264423765002,264423765125,264423775621,54.542,5.125,437.333,442.458,497.000
148,down,true,264425510919,264425513184,264425513270,264425526144,94.375,3.583,536.417,540.000,634.375
149,update,true,264429530851,264429534041,264429534289,264429562136,132.917,10.333,1160.292,1170.625,1303.542
150,update,true,264429787037,264429789612,264429789852,264429811437,107.292,10.000,899.375,909.375,1016.667
151,update,true,264429927649,264429928736,264429928859,264429939534,45.292,5.125,444.792,449.917,495.208
152,update,true,264430177066,264430178255,264430178378,264430195002,49.542,5.125,692.667,697.792,747.333
153,update,true,264430379914,264430382146,264430382280,264430398893,93.000,5.583,692.208,697.792,790.792
154,update,true,264430552534,264430553853,264430553961,264430568108,54.958,4.500,589.458,593.958,648.917
155,update,true,264430750473,264430751843,264430751965,264430766879,57.083,5.083,621.417,626.500,683.583
156,update,true,264430955701,264430956916,264430957029,264430970403,50.625,4.708,557.250,561.958,612.583
157,update,true,264431142581,264431143604,264431143703,264431155985,42.625,4.125,511.750,515.875,558.500
158,update,true,264431353984,264431354828,264431354920,264431366914,35.167,3.833,499.750,503.583,538.750
159,update,true,264431394563,264431395300,264431395395,264431405746,30.708,3.958,431.292,435.250,465.958
160,update,true,264431595599,264431596365,264431596467,264431610464,31.917,4.250,583.208,587.458,619.375
161,update,true,264431796620,264431797670,264431797771,264431811897,43.750,4.208,588.583,592.792,636.542
162,update,true,264432000652,264432002217,264432002308,264432014427,65.208,3.792,504.958,508.750,573.958
163,update,true,264432197964,264432198645,264432198727,264432209823,28.375,3.417,462.333,465.750,494.125
164,update,true,264432395301,264432396038,264432396129,264432409621,30.708,3.792,562.167,565.958,596.667
165,update,true,264432599708,264432600486,264432600585,264432611712,32.417,4.125,463.625,467.750,500.167
166,update,true,264432793361,264432794770,264432794868,264432806492,58.708,4.083,484.333,488.417,547.125
167,update,true,264432999942,264433000737,264433000838,264433012920,33.125,4.208,503.417,507.625,540.750
168,update,true,264433193068,264433194332,264433194419,264433204517,52.667,3.625,420.750,424.375,477.042
169,update,true,264433325690,264433326297,264433326374,264433332685,25.292,3.208,262.958,266.167,291.458
170,update,true,264433546246,264433546891,264433546974,264433557025,26.875,3.458,418.792,422.250,449.125
171,update,true,264433750619,264433751391,264433751485,264433762473,32.167,3.917,457.833,461.750,493.917
172,update,true,264433939804,264433941898,264433942103,264433961678,87.250,8.542,815.625,824.167,911.417
173,update,true,264434133730,264434135718,264434135905,264434157058,82.833,7.792,881.375,889.167,972.000
174,update,true,264434330408,264434332413,264434332582,264434351698,83.542,7.042,796.500,803.542,887.083
175,update,true,264434530809,264434532817,264434533015,264434552041,83.667,8.250,792.750,801.000,884.667
176,update,true,264434730465,264434732526,264434732707,264434752095,85.875,7.542,807.833,815.375,901.250
177,update,true,264434922720,264434923893,264434924016,264434938659,48.875,5.125,610.125,615.250,664.125
178,update,true,264435121679,264435123021,264435123148,264435137544,55.917,5.292,599.833,605.125,661.042
179,update,true,264435193766,264435195071,264435195184,264435206860,54.375,4.708,486.500,491.208,545.583
180,update,true,264435398270,264435399298,264435399452,264435414774,42.833,6.417,638.417,644.833,687.667
181,update,true,264435599005,264435602276,264435602416,264435617345,136.292,5.833,622.042,627.875,764.167
182,update,true,264435799320,264435800379,264435801356,264435816774,44.125,40.708,642.417,683.125,727.250
183,update,true,264436008412,264436009700,264436009831,264436025338,53.667,5.458,646.125,651.583,705.250
184,update,true,264436197281,264436198136,264436198248,264436210587,35.625,4.667,514.125,518.792,554.417
185,update,true,264436398749,264436400011,264436400139,264436417407,52.583,5.333,719.500,724.833,777.417
186,update,true,264436607041,264436608829,264436608962,264436623979,74.500,5.542,625.708,631.250,705.750
187,update,true,264436802037,264436803536,264436803707,264436824183,62.458,7.125,853.167,860.292,922.750
188,update,true,264437007694,264437009704,264437009845,264437025379,83.750,5.875,647.250,653.125,736.875
189,update,true,264437117919,264437118755,264437118874,264437129906,34.833,4.958,459.667,464.625,499.458
190,update,true,264437313800,264437314635,264437314733,264437325926,34.792,4.083,466.375,470.458,505.250
191,update,true,264437513190,264437514197,264437514314,264437527940,41.958,4.875,567.750,572.625,614.583
192,update,true,264437714390,264437715163,264437715254,264437727562,32.208,3.792,512.833,516.625,548.833
193,update,true,264437917402,264437918413,264437918596,264437932652,42.125,7.625,585.667,593.292,635.417
194,update,true,264438117500,264438118278,264438118368,264438130201,32.417,3.750,493.042,496.792,529.208
195,update,true,264438353615,264438354641,264438354766,264438367612,42.750,5.208,535.250,540.458,583.208
196,update,true,264438546626,264438547655,264438547748,264438561967,42.875,3.875,592.458,596.333,639.208
197,update,true,264438760210,264438761327,264438761451,264438774718,46.542,5.167,552.792,557.958,604.500
198,update,true,264438939380,264438940505,264438940617,264438958028,46.875,4.667,725.458,730.125,777.000
199,update,true,264438995576,264438996422,264438996511,264439007769,35.250,3.708,469.083,472.792,508.042
200,update,true,264439206973,264439208060,264439208187,264439219578,45.292,5.292,474.625,479.917,525.208
201,update,true,264439404725,264439405713,264439405821,264439416398,41.167,4.500,440.708,445.208,486.375
202,update,true,264439603064,264439603969,264439604082,264439613341,37.708,4.708,385.792,390.500,428.208
203,update,true,264439798161,264439799112,264439799217,264439808830,39.625,4.375,400.542,404.917,444.542
204,update,true,264440008459,264440009338,264440009454,264440022581,36.625,4.833,546.958,551.792,588.417
205,update,true,264440200853,264440201767,264440201864,264440215387,38.083,4.042,563.458,567.500,605.583
206,update,true,264440396732,264440397368,264440397474,264440407964,26.500,4.417,437.083,441.500,468.000
207,update,true,264440597248,264440599292,264440599397,264440609358,85.167,4.375,415.042,419.417,504.583
208,update,true,264440806271,264440807242,264440807367,264440820822,40.458,5.208,560.625,565.833,606.292
209,update,true,264440943091,264440943622,264440943696,264440953224,22.125,3.083,397.000,400.083,422.208
210,update,true,264441146117,264441146729,264441146813,264441156921,25.500,3.500,421.167,424.667,450.167
211,update,true,264441350045,264441350769,264441350864,264441361059,30.167,3.958,424.792,428.750,458.917
212,update,true,264441553683,264441554613,264441554722,264441566382,38.750,4.542,485.833,490.375,529.125
213,update,true,264441757650,264441758551,264441758646,264441769108,37.542,3.958,435.917,439.875,477.417
214,update,true,264441956920,264441957869,264441957952,264441968920,39.542,3.458,457.000,460.458,500.000
215,update,true,264442133615,264442134982,264442135114,264442149193,56.958,5.500,586.625,592.125,649.083
216,update,true,264442362798,264442364047,264442364157,264442379445,52.042,4.583,637.000,641.583,693.625
217,update,true,264442548364,264442549424,264442549535,264442562069,44.167,4.625,522.250,526.875,571.042
218,update,true,264442733802,264442735307,264442735432,264442750979,62.708,5.208,647.792,653.000,715.708
219,update,true,264442795023,264442796716,264442796811,264442809622,70.542,3.958,533.792,537.750,608.292
220,update,true,264442995789,264442996686,264442996795,264443010860,37.375,4.542,586.042,590.583,627.958
221,update,true,264443196751,264443197853,264443197974,264443214588,45.917,5.042,692.250,697.292,743.208
222,update,true,264443403263,264443404106,264443404222,264443415725,35.125,4.833,479.292,484.125,519.250
223,update,true,264443597342,264443597947,264443598037,264443607312,25.208,3.750,386.458,390.208,415.417
224,update,true,264443802299,264443803168,264443803289,264443815035,36.208,5.042,489.417,494.458,530.667
225,update,true,264444003614,264444005850,264444005974,264444019569,93.167,5.167,566.458,571.625,664.792
226,update,true,264444197868,264444198867,264444198974,264444213808,41.625,4.458,618.083,622.542,664.167
227,update,true,264444401649,264444404114,264444404893,264444418219,102.708,32.458,555.250,587.708,690.417
228,update,true,264444598113,264444599052,264444599171,264444613764,39.125,4.958,608.042,613.000,652.125
229,update,true,264444714381,264444715106,264444715209,264444722508,30.208,4.292,304.125,308.417,338.625
230,update,true,264444914322,264444915008,264444915097,264444925680,28.583,3.708,440.958,444.667,473.250
231,update,true,264445113423,264445114191,264445114282,264445125950,32.000,3.792,486.167,489.958,521.958
232,update,true,264445358151,264445359014,264445359126,264445370270,35.958,4.667,464.333,469.000,504.958
233,update,true,264445523897,264445524972,264445525102,264445539749,44.792,5.417,610.292,615.708,660.500
234,update,true,264445724159,264445725336,264445725460,264445739644,49.042,5.167,591.000,596.167,645.208
235,update,true,264445949030,264445950124,264445950269,264445964355,45.583,6.042,586.917,592.958,638.542
236,update,true,264446155668,264446156734,264446156863,264446170038,44.417,5.375,548.958,554.333,598.750
237,update,true,264446342880,264446343790,264446343876,264446355444,37.917,3.583,482.000,485.583,523.500
238,update,true,264446558438,264446559444,264446559551,264446573324,41.917,4.458,573.875,578.333,620.250
239,update,true,264446744223,264446744996,264446745084,264446755906,32.208,3.667,450.917,454.583,486.792
240,update,true,264446795309,264446795983,264446796064,264446809851,28.083,3.375,574.458,577.833,605.917
241,update,true,264447003638,264447004668,264447004791,264447020064,42.917,5.125,636.375,641.500,684.417
242,update,true,264447196762,264447197600,264447197693,264447213311,34.917,3.875,650.750,654.625,689.542
243,update,true,264447399094,264447399974,264447400070,264447414933,36.667,4.000,619.292,623.292,659.958
244,update,true,264447601447,264447602127,264447602222,264447615491,28.333,3.958,552.875,556.833,585.167
245,update,true,264447797889,264447798634,264447798722,264447809604,31.042,3.667,453.417,457.083,488.125
246,update,true,264447991500,264447992647,264447992733,264448002908,47.792,3.583,423.958,427.542,475.333
247,update,true,264448199862,264448200749,264448200839,264448212960,36.958,3.750,505.042,508.792,545.750
248,update,true,264448394633,264448395251,264448395349,264448405969,25.750,4.083,442.500,446.583,472.333
249,update,true,264448601681,264448602751,264448602885,264448619086,44.583,5.583,675.042,680.625,725.208
250,update,true,264448751297,264448751899,264448751987,264448761982,25.083,3.667,416.458,420.125,445.208
251,update,true,264448939516,264448940181,264448940281,264448951823,27.708,4.167,480.917,485.083,512.792
252,update,true,264449168190,264449168909,264449169019,264449181243,29.958,4.583,509.333,513.917,543.875
253,update,true,264449336237,264449337132,264449337243,264449348785,37.292,4.625,480.917,485.542,522.833
254,update,true,264449531970,264449532714,264449532808,264449544475,31.000,3.917,486.125,490.042,521.042
255,update,true,264449737933,264449738636,264449738729,264449748759,29.292,3.875,417.917,421.792,451.083
256,update,true,264449942044,264449942908,264449943012,264449955209,36.000,4.333,508.208,512.542,548.542
257,update,true,264450155421,264450156182,264450156288,264450167753,31.708,4.417,477.708,482.125,513.833
258,update,true,264450344227,264450344971,264450345072,264450356821,31.000,4.208,489.542,493.750,524.750
259,update,true,264450541500,264450542492,264450542611,264450557601,41.333,4.958,624.583,629.542,670.875
260,update,true,264450592083,264450592848,264450592936,264450607304,31.875,3.667,598.667,602.333,634.208
261,update,true,264450796248,264450797317,264450797401,264450808520,44.542,3.500,463.292,466.792,511.333
262,update,true,264451000435,264451001228,264451001350,264451014756,33.042,5.083,558.583,563.667,596.708
263,update,true,264451200390,264451201200,264451201299,264451212422,33.750,4.125,463.458,467.583,501.333
264,update,true,264451400091,264451400803,264451400896,264451413672,29.667,3.875,532.333,536.208,565.875
265,update,true,264451593719,264451594326,264451594419,264451604989,25.292,3.875,440.417,444.292,469.583
266,update,true,264451796324,264451797767,264451797868,264451810561,60.125,4.208,528.875,533.083,593.208
267,update,true,264451999801,264452000617,264452000729,264452013220,34.000,4.667,520.458,525.125,559.125
268,update,true,264452203486,264452204215,264452204305,264452215840,30.375,3.750,480.625,484.375,514.750
269,update,true,264452402554,264452403231,264452403324,264452415544,28.208,3.875,509.167,513.042,541.250
270,update,true,264452594803,264452596541,264452596665,264452609838,72.417,5.167,548.875,554.042,626.458
271,update,true,264452736625,264452737523,264452737628,264452759932,37.417,4.375,929.333,933.708,971.125
272,update,true,264452942440,264452943584,264452943759,264452955540,47.667,7.292,490.875,498.167,545.833
273,update,true,264453144235,264453145765,264453145910,264453159485,63.750,6.042,565.625,571.667,635.417
274,update,true,264453353001,264453354553,264453354696,264453370123,64.667,5.958,642.792,648.750,713.417
275,update,true,264453533155,264453534495,264453534632,264453551925,55.833,5.708,720.542,726.250,782.083
276,update,true,264453727949,264453729059,264453729183,264453743102,46.250,5.167,579.958,585.125,631.375
277,update,true,264453964341,264453965571,264453965704,264453978259,51.250,5.542,523.125,528.667,579.917
278,update,true,264454156218,264454157339,264454157458,264454168908,46.708,4.958,477.083,482.042,528.750
279,update,true,264454337020,264454337923,264454338040,264454348000,37.625,4.875,415.000,419.875,457.500
280,update,true,264454399434,264454400302,264454400421,264454410552,36.167,4.958,422.125,427.083,463.250
281,update,true,264454596899,264454597608,264454597707,264454606285,29.542,4.125,357.417,361.542,391.083
282,update,true,264454802748,264454803783,264454803890,264454815771,43.125,4.458,495.042,499.500,542.625
283,update,true,264455001040,264455001806,264455001896,264455009948,31.917,3.750,335.500,339.250,371.167
284,update,true,264455200175,264455200873,264455200969,264455209352,29.083,4.000,349.292,353.292,382.375
285,update,true,264455397995,264455399129,264455399223,264455408803,47.250,3.917,399.167,403.083,450.333
286,update,true,264455597956,264455598745,264455598827,264455607120,32.875,3.417,345.542,348.958,381.833
287,update,true,264455801111,264455801952,264455802059,264455810562,35.042,4.458,354.292,358.750,393.792
288,update,true,264455996624,264455997472,264455997567,264456005597,35.333,3.958,334.583,338.542,373.875
289,update,true,264456203981,264456205038,264456205140,264456215644,44.042,4.250,437.667,441.917,485.958
290,update,true,264456340119,264456340682,264456340753,264456348084,23.458,2.958,305.458,308.417,331.875
291,update,true,264456539240,264456539890,264456539984,264456547756,27.083,3.917,323.833,327.750,354.833
292,update,true,264456739967,264456740496,264456740588,264456746746,22.042,3.833,256.583,260.417,282.458
293,update,true,264456948470,264456949244,264456949342,264456958370,32.250,4.083,376.167,380.250,412.500
294,update,true,264457152304,264457153776,264457153944,264457166955,61.333,7.000,542.125,549.125,610.458
295,update,true,264457355606,264457356586,264457356682,264457366929,40.833,4.000,426.958,430.958,471.792
296,update,true,264457545660,264457546546,264457546655,264457556212,36.917,4.542,398.208,402.750,439.667
297,update,true,264457744165,264457745320,264457745421,264457756757,48.125,4.208,472.333,476.542,524.667
298,update,true,264457946463,264457947442,264457947542,264457956779,40.792,4.167,384.875,389.042,429.833
299,update,true,264458134232,264458134949,264458135037,264458142679,29.875,3.667,318.417,322.083,351.958
300,update,true,264458349360,264458350315,264458350405,264458359741,39.792,3.750,389.000,392.750,432.542
301,update,true,264458392438,264458393061,264458393143,264458401253,25.958,3.417,337.917,341.333,367.292
302,update,true,264458597331,264458598344,264458598447,264458606857,42.208,4.292,350.417,354.708,396.917
303,update,true,264458801360,264458802246,264458802355,264458811415,36.917,4.542,377.500,382.042,418.958
304,update,true,264459003936,264459005041,264459005167,264459015117,46.042,5.250,414.583,419.833,465.875
305,update,true,264459209577,264459210904,264459211061,264459223661,55.292,6.542,525.000,531.542,586.833
306,update,true,264459403110,264459403698,264459403772,264459410580,24.500,3.083,283.667,286.750,311.250
307,update,true,264459598301,264459598933,264459599015,264459605860,26.333,3.417,285.208,288.625,314.958
308,update,true,264459798117,264459798659,264459798745,264459805961,22.583,3.583,300.667,304.250,326.833
309,update,true,264459997552,264459998249,264459998338,264460006750,29.042,3.708,350.500,354.208,383.250
310,update,true,264460210657,264460211608,264460211740,264460221314,39.625,5.500,398.917,404.417,444.042
311,update,true,264460337013,264460337874,264460337962,264460345980,35.875,3.667,334.083,337.750,373.625
312,update,true,264460539616,264460540246,264460540337,264460547410,26.250,3.792,294.708,298.500,324.750
313,update,true,264460755794,264460757030,264460757135,264460767757,51.500,4.375,442.583,446.958,498.458
314,update,true,264460943180,264460944159,264460944256,264460956627,40.792,4.042,515.458,519.500,560.292
315,update,true,264461141844,264461143197,264461143308,264461154517,56.375,4.625,467.042,471.667,528.042
316,update,true,264461354064,264461355119,264461355228,264461367647,43.958,4.542,517.458,522.000,565.958
317,update,true,264461542216,264461543991,264461544199,264461559706,73.958,8.667,646.125,654.792,728.750
318,update,true,264461762435,264461763847,264461764006,264461775577,58.833,6.625,482.125,488.750,547.583
319,update,true,264461935677,264461936795,264461936905,264461947625,46.583,4.583,446.667,451.250,497.833
320,update,true,264462149407,264462150495,264462150582,264462161056,45.333,3.625,436.417,440.042,485.375
321,update,true,264462192929,264462193658,264462193738,264462203619,30.375,3.333,411.708,415.042,445.417
322,update,true,264462396117,264462396850,264462396954,264462405364,30.542,4.333,350.417,354.750,385.292
323,update,true,264462604337,264462605104,264462605234,264462613905,31.958,5.417,361.292,366.708,398.667
324,update,true,264462803857,264462804622,264462804711,264462814084,31.875,3.708,390.542,394.250,426.125
325,update,true,264463003223,264463004444,264463004569,264463015845,50.875,5.208,469.833,475.042,525.917
326,update,true,264463207927,264463208966,264463209088,264463220907,43.292,5.083,492.458,497.542,540.833
327,update,true,264463396380,264463397268,264463397370,264463406738,37.000,4.250,390.333,394.583,431.583
328,update,true,264463601465,264463602333,264463602441,264463611397,36.167,4.500,373.167,377.667,413.833
329,update,true,264463797820,264463798885,264463799019,264463811363,44.375,5.583,514.333,519.917,564.292
330,update,true,264464009037,264464010560,264464010709,264464023769,63.458,6.208,544.167,550.375,613.833
331,update,true,264464139265,264464139831,264464139896,264464146488,23.583,2.708,274.667,277.375,300.958
332,update,true,264464353359,264464354096,264464354175,264464362346,30.708,3.292,340.458,343.750,374.458
333,update,true,264464536730,264464537608,264464537728,264464546087,36.583,5.000,348.292,353.292,389.875
334,update,true,264464754717,264464755630,264464755712,264464764584,38.042,3.417,369.667,373.083,411.125
335,update,true,264464962643,264464963968,264464964095,264464973862,55.208,5.292,406.958,412.250,467.458
336,update,true,264465153406,264465155206,264465155387,264465167864,75.000,7.542,519.875,527.417,602.417
337,update,true,264465347800,264465348868,264465348971,264465360055,44.500,4.292,461.833,466.125,510.625
338,update,true,264465566311,264465567574,264465567682,264465578688,52.625,4.500,458.583,463.083,515.708
339,update,true,264465748208,264465749732,264465749868,264465761176,63.500,5.667,471.167,476.833,540.333
340,update,true,264465959291,264465960529,264465960629,264465970703,51.583,4.167,419.750,423.917,475.500
341,update,true,264465998371,264465999224,264465999316,264466010155,35.542,3.833,451.625,455.458,491.000
342,update,true,264466192741,264466193420,264466193509,264466201005,28.292,3.708,312.333,316.042,344.333
343,update,true,264466393350,264466394001,264466394076,264466401246,27.125,3.125,298.750,301.875,329.000
344,update,true,264466591789,264466592210,264466592267,264466598500,17.542,2.375,259.708,262.083,279.625
345,update,true,264466794548,264466795090,264466795162,264466800827,22.583,3.000,236.042,239.042,261.625
346,update,true,264466989757,264466990674,264466990753,264466996667,38.208,3.292,246.417,249.708,287.917
347,update,true,264467191340,264467192005,264467192090,264467199136,27.708,3.542,293.583,297.125,324.833
348,update,true,264467392657,264467393329,264467393414,264467400585,28.000,3.542,298.792,302.333,330.333
349,update,true,264467598840,264467599572,264467599656,264467607115,30.500,3.500,310.792,314.292,344.792
350,update,true,264467796611,264467797279,264467797367,264467805947,27.833,3.667,357.500,361.167,389.000
351,update,true,264467932402,264467932918,264467933008,264467939699,21.500,3.750,278.792,282.542,304.042
352,update,true,264468154014,264468155021,264468155126,264468164716,41.958,4.375,399.583,403.958,445.917
353,update,true,264468346201,264468346961,264468347042,264468355422,31.667,3.375,349.167,352.542,384.208
354,update,true,264468564827,264468566269,264468566412,264468577709,60.083,5.958,470.708,476.667,536.750
355,update,true,264468748956,264468749910,264468750019,264468759363,39.750,4.542,389.333,393.875,433.625
356,update,true,264468951487,264468952664,264468952773,264468962878,49.042,4.542,421.042,425.583,474.625
357,update,true,264469156257,264469157648,264469157965,264469169789,57.958,13.208,492.667,505.875,563.833
358,update,true,264469350071,264469351331,264469351458,264469362649,52.500,5.292,466.292,471.583,524.083
359,update,true,264469549435,264469551303,264469551489,264469568775,77.833,7.750,720.250,728.000,805.833
360,update,true,264469758446,264469760333,264469760540,264469774361,78.625,8.625,575.875,584.500,663.125
361,update,true,264470209385,264470211534,264470211745,264470227514,89.542,8.792,657.042,665.833,755.375
362,update,true,264470400058,264470401047,264470401153,264470410398,41.208,4.417,385.208,389.625,430.833
363,update,true,264470597189,264470598100,264470598222,264470608257,37.958,5.083,418.125,423.208,461.167
364,update,true,264470804577,264470805373,264470805477,264470812836,33.167,4.333,306.625,310.958,344.125
365,update,true,264471001885,264471002669,264471002744,264471010986,32.667,3.125,343.417,346.542,379.208
366,update,true,264471208732,264471209619,264471209699,264471218600,36.958,3.333,370.875,374.208,411.167
367,update,true,264471398650,264471399389,264471399454,264471406661,30.792,2.708,300.292,303.000,333.792
368,update,true,264471597144,264471597943,264471598015,264471607790,33.292,3.000,407.292,410.292,443.583
369,update,true,264471802270,264471803745,264471803885,264471817080,61.458,5.833,549.792,555.625,617.083
370,update,true,264471926321,264471927706,264471927833,264471942097,57.708,5.292,594.333,599.625,657.333
371,update,true,264472119780,264472121501,264472121643,264472137292,71.708,5.917,652.042,657.958,729.667
372,update,true,264472319565,264472320861,264472320980,264472334111,54.000,4.958,547.125,552.083,606.083
373,update,true,264472562349,264472563173,264472563247,264472574367,34.333,3.083,463.333,466.417,500.750
374,update,true,264472761423,264472762395,264472762485,264472773988,40.500,3.750,479.292,483.042,523.542
375,update,true,264472944974,264472946024,264472946129,264472958181,43.750,4.375,502.167,506.542,550.292
376,update,true,264473154200,264473154996,264473155077,264473165484,33.167,3.375,433.625,437.000,470.167
377,update,true,264473352210,264473352782,264473352849,264473361247,23.833,2.792,349.917,352.708,376.542
378,update,true,264473544832,264473545385,264473545466,264473553444,23.042,3.375,332.417,335.792,358.833
379,update,true,264473743293,264473743781,264473743847,264473751284,20.333,2.750,309.875,312.625,332.958
380,update,true,264473797454,264473797949,264473798021,264473805249,20.625,3.000,301.167,304.167,324.792
381,update,true,264473997055,264473997569,264473997630,264474006909,21.417,2.542,386.625,389.167,410.583
382,update,true,264474197746,264474198389,264474198453,264474208945,26.792,2.667,437.167,439.833,466.625
383,update,true,264474399783,264474400386,264474400458,264474410875,25.125,3.000,434.042,437.042,462.167
384,update,true,264474597817,264474598387,264474598468,264474605022,23.750,3.375,273.083,276.458,300.208
385,update,true,264474796698,264474797393,264474797472,264474809072,28.958,3.292,483.333,486.625,515.583
386,update,true,264474995573,264474996737,264474996823,264475006163,48.500,3.583,389.167,392.750,441.250
387,update,true,264475203159,264475203889,264475203969,264475217087,30.417,3.333,546.583,549.917,580.333
388,update,true,264475399863,264475400680,264475400763,264475414487,34.042,3.458,571.833,575.292,609.333
389,update,true,264475600393,264475601053,264475601135,264475608288,27.500,3.417,298.042,301.458,328.958
390,update,true,264475752070,264475752535,264475752600,264475758092,19.375,2.708,228.833,231.542,250.917
391,update,true,264475944827,264475945403,264475945477,264475953862,24.000,3.083,349.375,352.458,376.458
392,update,true,264476154510,264476155036,264476155110,264476161682,21.917,3.083,273.833,276.917,298.833
393,update,true,264476465690,264476467149,264476467291,264476482661,60.792,5.917,640.417,646.333,707.125
394,update,true,264482612690,264482614816,264482615060,264482642407,88.583,10.167,1139.458,1149.625,1238.208
395,update,true,264482812976,264482815738,264482815901,264482832085,115.083,6.792,674.333,681.125,796.208
396,update,true,264483015493,264483016594,264483016718,264483031591,45.875,5.167,619.708,624.875,670.750
397,update,true,264483214144,264483215062,264483215220,264483232912,38.250,6.583,737.167,743.750,782.000
398,update,true,264483410196,264483411150,264483411278,264483423372,39.750,5.333,503.917,509.250,549.000
399,update,true,264489421327,264489423970,264489424267,264489454853,110.125,12.375,1274.417,1286.792,1396.917
400,update,true,264489610604,264489611458,264489611619,264489629442,35.583,6.708,742.625,749.333,784.917
401,update,true,264489973503,264489974222,264489974371,264489990614,29.958,6.208,676.792,683.000,712.958
402,update,true,264490006019,264490006521,264490006613,264490032523,20.917,3.833,1079.583,1083.417,1104.333
403,update,true,264490205045,264490205810,264490205924,264490219318,31.875,4.750,558.083,562.833,594.708
404,update,true,264490406529,264490408173,264490408286,264490425322,68.500,4.708,709.833,714.542,783.042
405,update,true,264490607335,264490608280,264490608393,264490623952,39.375,4.708,648.292,653.000,692.375
406,update,true,264490805703,264490806496,264490806618,264490822737,33.042,5.083,671.625,676.708,709.750
407,update,true,264491005042,264491005900,264491005994,264491019212,35.750,3.917,550.750,554.667,590.417
408,update,true,264491147450,264491148128,264491148219,264491158904,28.250,3.792,445.208,449.000,477.250
409,update,true,264491342069,264491342747,264491342840,264491354739,28.250,3.875,495.792,499.667,527.917
410,update,true,264491546080,264491546676,264491546760,264491557356,24.833,3.500,441.500,445.000,469.833
411,update,true,264491735398,264491736166,264491736268,264491748536,32.000,4.250,511.167,515.417,547.417
412,update,true,264491936052,264491936697,264491936788,264491948267,26.875,3.792,478.292,482.083,508.958
413,update,true,264492148250,264492148856,264492148945,264492159424,25.250,3.708,436.625,440.333,465.583
414,update,true,264492341867,264492342579,264492342677,264492354245,29.667,4.083,482.000,486.083,515.750
415,update,true,264492542490,264492543048,264492543124,264492552184,23.250,3.167,377.500,380.667,403.917
416,update,true,264492749049,264492749941,264492750028,264492762263,37.167,3.625,509.792,513.417,550.583
417,update,true,264492934423,264492935104,264492935225,264492948541,28.375,5.042,554.833,559.875,588.250
418,update,true,264492993888,264492994735,264492994827,264493007826,35.292,3.833,541.625,545.458,580.750
419,update,true,264493200530,264493201254,264493201356,264493216012,30.167,4.250,610.667,614.917,645.083
420,update,true,264493399229,264493400128,264493400242,264493409256,37.458,4.750,375.583,380.333,417.792
421,update,true,264493603572,264493604106,264493604229,264493616462,22.250,5.125,509.708,514.833,537.083
422,update,true,264493799775,264493800631,264493800741,264493812568,35.667,4.583,492.792,497.375,533.042
423,update,true,264494000153,264494000719,264494000821,264494012337,23.583,4.250,479.833,484.083,507.667
424,update,true,264494200359,264494201189,264494201284,264494213400,34.583,3.958,504.833,508.792,543.375
425,update,true,264494400747,264494401325,264494401417,264494413031,24.083,3.833,483.917,487.750,511.833
426,update,true,264494600248,264494602126,264494602226,264494619929,78.250,4.167,737.625,741.792,820.042
427,update,true,264494799415,264494800559,264494800651,264494812223,47.667,3.833,482.167,486.000,533.667
428,update,true,264494942103,264494942683,264494942756,264494952598,24.167,3.042,410.083,413.125,437.292
429,update,true,264495144809,264495145361,264495145455,264495155472,23.000,3.917,417.375,421.292,444.292
430,update,true,264495352004,264495352614,264495352696,264495363576,25.417,3.417,453.333,456.750,482.167
431,update,true,264500712809,264500715427,264500715657,264500743485,109.083,9.583,1159.500,1169.083,1278.167
432,update,true,264500827444,264500829170,264500829347,264500845507,71.917,7.375,673.333,680.708,752.625
433,update,true,264501022304,264501024040,264501024185,264501051469,72.333,6.042,1136.833,1142.875,1215.208
434,update,true,264501234947,264501235666,264501235796,264501245846,29.958,5.417,418.750,424.167,454.125
435,update,true,264501399116,264501402467,264501402551,264501415669,139.625,3.500,546.583,550.083,689.708
436,update,true,264501591848,264501592336,264501592410,264501601259,20.333,3.083,368.708,371.792,392.125
437,update,true,264501801245,264501801919,264501802002,264501811088,28.083,3.458,378.583,382.042,410.125
438,update,true,264501992656,264501993291,264501993384,264502002363,26.458,3.875,374.125,378.000,404.458
439,update,true,264502218342,264502220405,264502220610,264502236900,85.958,8.542,678.750,687.292,773.250
440,update,true,264502398418,264502399277,264502399393,264502409879,35.792,4.833,436.917,441.750,477.542
441,update,true,264502597434,264502598180,264502598270,264502610419,31.083,3.750,506.208,509.958,541.042
442,update,true,264502719345,264502720221,264502720332,264502732704,36.500,4.625,515.500,520.125,556.625
443,update,true,264502934332,264502934899,264502935018,264502948044,23.625,4.958,542.750,547.708,571.333
444,update,true,264503125479,264503126894,264503127054,264503142386,58.958,6.667,638.833,645.500,704.458
445,update,true,264503347595,264503348449,264503348566,264503364923,35.583,4.875,681.542,686.417,722.000
446,update,true,264503543018,264503543492,264503543566,264503554828,19.750,3.083,469.250,472.333,492.083
447,update,true,264503753422,264503755022,264503755787,264503771635,66.667,31.875,660.333,692.208,758.875
448,update,true,264503928157,264503929256,264503929391,264503945892,45.792,5.625,687.542,693.167,738.958
449,update,true,264504142795,264504144386,264504145187,264504165345,66.292,33.375,839.917,873.292,939.583
450,update,true,264504356716,264504357293,264504357388,264504369426,24.042,3.958,501.583,505.542,529.583
451,update,true,264504558712,264504560055,264504560675,264504579425,55.958,25.833,781.250,807.083,863.042
452,update,true,264504598098,264504598868,264504598978,264504622061,32.083,4.583,961.792,966.375,998.458
453,update,true,264504799968,264504800665,264504800807,264504813118,29.042,5.917,512.958,518.875,547.917
454,update,true,264505003820,264505005011,264505005193,264505025123,49.625,7.583,830.417,838.000,887.625
455,update,true,264505199449,264505200378,264505200526,264505215627,38.708,6.167,629.208,635.375,674.083
456,update,true,264505403333,264505404386,264505404527,264505417562,43.875,5.875,543.125,549.000,592.875
457,update,true,264505600040,264505601421,264505601579,264505619329,57.542,6.583,739.583,746.167,803.708
458,update,true,264505804195,264505805547,264505805748,264505822349,56.333,8.375,691.708,700.083,756.417
459,update,true,264506000494,264506002112,264506002274,264506021089,67.417,6.750,783.958,790.708,858.125
460,update,true,264506205091,264506206487,264506206656,264506222156,58.167,7.042,645.833,652.875,711.042
461,update,true,264506405720,264506406191,264506406394,264506425981,19.625,8.458,816.125,824.583,844.208
462,update,true,264506615706,264506616692,264506616928,264506644357,41.083,9.833,1142.875,1152.708,1193.792
463,update,true,264506737797,264506739441,264506739572,264506754935,68.500,5.458,640.125,645.583,714.083
464,update,true,264506921985,264506923554,264506923697,264506939600,65.375,5.958,662.625,668.583,733.958
465,update,true,264507129106,264507130397,264507130508,264507140667,53.792,4.625,423.292,427.917,481.708
466,update,true,264507312572,264507313625,264507313733,264507323449,43.875,4.500,404.833,409.333,453.208
467,update,true,264507510508,264507511560,264507511656,264507520573,43.833,4.000,371.542,375.542,419.375
468,update,true,264507713844,264507715722,264507719560,264507728649,78.250,159.917,378.708,538.625,616.875
469,update,true,264507910605,264507911604,264507911699,264507919930,41.625,3.958,342.958,346.917,388.542
470,update,true,264508111542,264508112979,264508116516,264508124642,59.875,147.375,338.583,485.958,545.833
471,update,true,264508326639,264508327665,264508327746,264508335863,42.750,3.375,338.208,341.583,384.333
472,update,true,264508387276,264508387895,264508387969,264508394475,25.792,3.083,271.083,274.167,299.958
473,update,true,264508591287,264508591895,264508591984,264508600145,25.333,3.708,340.042,343.750,369.083
474,update,true,264508790909,264508792904,264508793019,264508805345,83.125,4.792,513.583,518.375,601.500
475,update,true,264508988492,264508989026,264508989116,264508997423,22.250,3.750,346.125,349.875,372.125
476,update,true,264509190542,264509191307,264509191380,264509198717,31.875,3.042,305.708,308.750,340.625
477,update,true,264509392726,264509393231,264509393304,264509400721,21.042,3.042,309.042,312.083,333.125
478,update,true,264509589073,264509589643,264509589706,264509594897,23.750,2.625,216.292,218.917,242.667
479,update,true,264509790881,264509791360,264509791433,264509797830,19.958,3.042,266.542,269.583,289.542
480,update,true,264509988742,264509989420,264509989487,264509996905,28.250,2.792,309.083,311.875,340.125
481,update,true,264510191226,264510191705,264510191805,264510200666,19.958,4.167,369.208,373.375,393.333
482,update,true,264510391009,264510391630,264510391692,264510398395,25.875,2.583,279.292,281.875,307.750
483,update,true,264510522287,264510522790,264510522876,264510530593,20.958,3.583,321.542,325.125,346.083
484,update,true,264510718749,264510719760,264510719847,264510728092,42.125,3.625,343.542,347.167,389.292
485,update,true,264510926828,264510930885,264510931471,264510944350,169.042,24.417,536.625,561.042,730.083
486,update,true,264511135741,264511137244,264511137373,264511149744,62.625,5.375,515.458,520.833,583.458
487,update,true,264511326266,264511329548,264511329959,264511343044,136.750,17.125,545.208,562.333,699.083
488,update,true,264511533584,264511534753,264511534878,264511545925,48.708,5.208,460.292,465.500,514.208
489,update,true,264511732609,264511741926,264511743106,264511756129,388.208,49.167,542.625,591.792,980.000
490,update,true,264511933654,264511935004,264511935136,264511946242,56.250,5.500,462.750,468.250,524.500
491,update,true,264512132612,264512135298,264512140316,264512151749,111.917,209.083,476.375,685.458,797.375
492,update,true,264512325638,264512326584,264512326669,264512334191,39.417,3.542,313.417,316.958,356.375
493,update,true,264512389035,264512389614,264512389679,264512395465,24.125,2.708,241.083,243.792,267.917
494,update,true,264512597058,264512598160,264512598310,264512610735,45.917,6.250,517.708,523.958,569.875
495,update,true,264512799879,264512801394,264512801530,264512814566,63.125,5.667,543.167,548.833,611.958
496,update,true,264512990952,264512991457,264512991541,264512998913,21.042,3.500,307.167,310.667,331.708
497,update,true,264513194830,264513195578,264513195646,264513202201,31.167,2.833,273.125,275.958,307.125
498,update,true,264513397166,264513398469,264513398595,264513409650,54.292,5.250,460.625,465.875,520.167
499,update,true,264513602098,264513603459,264513603606,264513614938,56.708,6.125,472.167,478.292,535.000
500,update,true,264513797439,264513798514,264513798641,264513810342,44.792,5.292,487.542,492.833,537.625
501,update,true,264514002289,264514003997,264514004087,264514011525,71.167,3.750,309.917,313.667,384.833
502,update,true,264514192834,264514193230,264514193315,264514200826,16.500,3.542,312.958,316.500,333.000
503,update,true,264514327143,264514328147,264514328239,264514336280,41.833,3.833,335.042,338.875,380.708
504,update,true,264514518727,264514520438,264514520800,264514538034,71.292,15.083,718.083,733.167,804.458
505,update,true,264514726231,264514727077,264514727167,264514734367,35.250,3.750,300.000,303.750,339.000
506,update,true,264514927788,264514930257,264514931098,264514945115,102.875,35.042,584.042,619.083,721.958
507,update,true,264515131691,264515133094,264515133226,264515145904,58.458,5.500,528.250,533.750,592.208
508,update,true,264515300641,264515301689,264515301805,264515313555,43.667,4.833,489.583,494.417,538.083
509,update,true,264515526410,264515527706,264515527831,264515538241,54.000,5.208,433.750,438.958,492.958
510,update,true,264515727285,264515730828,264515731730,264515744907,147.625,37.583,549.042,586.625,734.250
511,update,true,264515930668,264515932088,264515932217,264515944298,59.167,5.375,503.375,508.750,567.917
512,update,true,264516134412,264516135035,264516135117,264516143143,25.958,3.417,334.417,337.833,363.792
513,update,true,264516191014,264516191450,264516191518,264516197975,18.167,2.833,269.042,271.875,290.042
514,update,true,264516396349,264516398134,264516398224,264516408106,74.375,3.750,411.750,415.500,489.875
515,update,true,264516800620,264516802056,264516802184,264516814385,59.833,5.333,508.375,513.708,573.542
516,update,true,264516827702,264516828442,264516828542,264516837675,30.833,4.167,380.542,384.708,415.542
517,update,true,264516999073,264517000149,264517000845,264517012621,44.833,29.000,490.667,519.667,564.500
518,update,true,264517198112,264517199323,264517199448,264517212069,50.458,5.208,525.875,531.083,581.542
519,update,true,264517399820,264517400756,264517400889,264517417303,39.000,5.542,683.917,689.458,728.458
520,update,true,264517600445,264517602543,264517602691,264517617104,87.417,6.167,600.542,606.708,694.125
521,update,true,264517800506,264517801592,264517801746,264517818218,45.250,6.417,686.333,692.750,738.000
522,update,true,264517998107,264517999570,264517999704,264518013575,60.958,5.583,577.958,583.542,644.500
523,update,true,264518124684,264518125229,264518125309,264518132422,22.708,3.333,296.375,299.708,322.417
524,update,true,264518326206,264518327692,264518327825,264518339485,61.917,5.542,485.833,491.375,553.292
525,update,true,264518530074,264518531069,264518531189,264518542153,41.458,5.000,456.833,461.833,503.292
526,update,true,264518729729,264518730962,264518731092,264518743663,51.375,5.417,523.792,529.208,580.583
527,update,true,264518936216,264518937616,264518937761,264518950615,58.333,6.042,535.583,541.625,599.958
528,update,true,264519130317,264519131748,264519131878,264519144277,59.625,5.417,516.625,522.042,581.667
529,update,true,264519332632,264519333857,264519334003,264519346466,51.042,6.083,519.292,525.375,576.417
530,update,true,264519532586,264519533906,264519534033,264519545931,55.000,5.292,495.750,501.042,556.042
531,update,true,264519734318,264519735837,264519735970,264519748269,63.292,5.542,512.458,518.000,581.292
532,update,true,264519931535,264519932889,264519933018,264519947016,56.417,5.375,583.250,588.625,645.042
533,update,true,264519998407,264520000681,264520001230,264520008438,94.750,22.875,300.333,323.208,417.958
534,update,true,264520199005,264520200175,264520200311,264520213881,48.750,5.667,565.417,571.083,619.833
535,update,true,264520396029,264520396677,264520396767,264520405141,27.000,3.750,348.917,352.667,379.667
536,update,true,264520596350,264520597157,264520597248,264520605206,33.625,3.792,331.583,335.375,369.000
537,update,true,264520795105,264520796474,264520796620,264520812261,57.042,6.083,651.708,657.792,714.833
538,update,true,264521008560,264521009724,264521009884,264521022586,48.500,6.667,529.250,535.917,584.417
539,update,true,264521204191,264521205313,264521205452,264521216309,46.750,5.792,452.375,458.167,504.917
540,update,true,264521400370,264521401406,264521401529,264521414153,43.167,5.125,526.000,531.125,574.292
541,update,true,264521602418,264521603176,264521603268,264521610460,31.583,3.833,299.667,303.500,335.083
542,update,true,264521807069,264521808411,264521808540,264521821687,55.917,5.375,547.792,553.167,609.083
543,update,true,264521995961,264521996528,264521996621,264522005403,23.625,3.875,365.917,369.792,393.417
544,update,true,264522123674,264522124952,264522125066,264522136062,53.250,4.750,458.167,462.917,516.167
545,update,true,264522333618,264522334944,264522335072,264522351247,55.250,5.333,673.958,679.292,734.542
546,update,true,264522537841,264522539052,264522539185,264522550655,50.458,5.542,477.917,483.458,533.917
547,update,true,264522744729,264522746485,264522747737,264522761507,73.167,52.167,573.750,625.917,699.083
548,update,true,264522931423,264522932923,264522933068,264522945421,62.500,6.042,514.708,520.750,583.250
549,update,true,264523131340,264523133068,264523136176,264523144222,72.000,129.500,335.250,464.750,536.750
550,update,true,264523322285,264523323288,264523323379,264523331277,41.792,3.792,329.083,332.875,374.667
551,update,true,264523526940,264523528974,264523531866,264523544297,84.750,120.500,517.958,638.458,723.208
552,update,true,264523728858,264523730009,264523730138,264523741222,47.958,5.375,461.833,467.208,515.167
553,update,true,264523997496,264523998090,264523998210,264524014173,24.750,5.000,665.125,670.125,694.875
554,update,true,264524021905,264524022516,264524022603,264524035846,25.458,3.625,551.792,555.417,580.875
555,update,true,264524203605,264524205134,264524205263,264524216610,63.708,5.375,472.792,478.167,541.875
556,update,true,264524403409,264524404610,264524404750,264524417803,50.042,5.833,543.875,549.708,599.750
557,update,true,264524603616,264524605804,264524605961,264524621273,91.167,6.542,638.000,644.542,735.708
558,update,true,264524803024,264524804233,264524804387,264524818286,50.375,6.417,579.125,585.542,635.917
559,update,true,264525001614,264525002985,264525003113,264525015926,57.125,5.333,533.875,539.208,596.333
560,update,true,264525199551,264525200265,264525200362,264525209545,29.750,4.042,382.625,386.667,416.417
561,update,true,264525400252,264525401897,264525402046,264525416505,68.542,6.208,602.458,608.667,677.208
562,update,true,264525601768,264525602759,264525602904,264525617755,41.292,6.042,618.792,624.833,666.125
563,update,true,264525803303,264525804951,264525805097,264525818646,68.667,6.083,564.542,570.625,639.292
564,update,true,264525941274,264525943049,264525944433,264525957236,73.958,57.667,533.458,591.125,665.083
565,update,true,264526134465,264526136116,264526136286,264526150553,68.792,7.083,594.458,601.542,670.333
566,update,true,264526336096,264526338053,264526338372,264526349784,81.542,13.292,475.500,488.792,570.333
567,update,true,264526535302,264526536742,264526536891,264526549511,60.000,6.208,525.833,532.042,592.042
568,update,true,264526737720,264526739617,264526741076,264526754062,79.042,60.792,541.083,601.875,680.917
569,update,true,264526934155,264526935554,264526935712,264526948408,58.292,6.583,529.000,535.583,593.875
570,update,true,264527132438,264527135389,264527136312,264527149970,122.958,38.458,569.083,607.542,730.500
571,update,true,264527337184,264527338414,264527338572,264527351169,51.250,6.583,524.875,531.458,582.708
572,update,true,264527499106,264527500144,264527500257,264527509423,43.250,4.708,381.917,386.625,429.875
573,update,true,264527737284,264527738734,264527738885,264527752740,60.417,6.292,577.292,583.583,644.000
574,update,true,264527802077,264527803431,264527803566,264527815696,56.417,5.625,505.417,511.042,567.458
575,update,true,264528002501,264528004693,264528004836,264528020460,91.333,5.958,651.000,656.958,748.292
576,update,true,264528202515,264528204291,264528204450,264528219340,74.000,6.625,620.417,627.042,701.042
577,update,true,264528398053,264528399089,264528399228,264528414782,43.167,5.792,648.083,653.875,697.042
578,update,true,264528601293,264528602749,264528602888,264528616532,60.667,5.792,568.500,574.292,634.958
579,update,true,264528799731,264528801696,264528801859,264528817573,81.875,6.792,654.750,661.542,743.417
580,update,true,264529006891,264529009103,264529009256,264529023735,92.167,6.375,603.292,609.667,701.833
581,update,true,264529203329,264529204310,264529204456,264529218621,40.875,6.083,590.208,596.292,637.167
582,update,true,264529401147,264529403304,264529403463,264529418617,89.875,6.625,631.417,638.042,727.917
583,update,true,264529602264,264529603825,264529603979,264529618332,65.042,6.417,598.042,604.458,669.500
584,update,true,264529730890,264529732398,264529732573,264529747928,62.833,7.292,639.792,647.083,709.917
585,update,true,264529935325,264529936752,264529936894,264529950455,59.458,5.917,565.042,570.958,630.417
586,update,true,264530138315,264530139863,264530140018,264530154647,64.500,6.458,609.542,616.000,680.500
587,update,true,264530299100,264530300070,264530300184,264530310244,40.417,4.750,419.167,423.917,464.333
588,update,true,264530539062,264530540665,264530540822,264530555076,66.792,6.542,593.917,600.458,667.250
589,update,true,264530732757,264530734226,264530734364,264530747437,61.208,5.750,544.708,550.458,611.667
590,update,true,264530935897,264530937111,264530937236,264530950217,50.583,5.208,540.875,546.083,596.667
591,update,true,264531132091,264531133357,264531133480,264531145054,52.750,5.125,482.250,487.375,540.125
592,update,true,264531331540,264531332932,264531333060,264531345016,58.000,5.333,498.167,503.500,561.500
593,update,true,264531531909,264531533107,264531533248,264531547752,49.917,5.875,604.333,610.208,660.125
594,update,true,264531591902,264531592474,264531592551,264531599709,23.833,3.208,298.250,301.458,325.292
595,update,true,264532001570,264532002722,264532002862,264532016551,48.000,5.833,570.375,576.208,624.208
596,update,true,264532026218,264532026949,264532027042,264532035983,30.458,3.875,372.542,376.417,406.875
597,update,true,264532199126,264532200020,264532200158,264532215130,37.250,5.750,623.833,629.583,666.833
598,update,true,264532397971,264532399722,264532399859,264532413177,72.958,5.708,554.917,560.625,633.583
599,update,true,264532602755,264532604008,264532604154,264532618618,52.208,6.083,602.667,608.750,660.958
600,update,true,264532801709,264532802958,264532803107,264532817077,52.042,6.208,582.083,588.292,640.333
601,update,true,264533003422,264533004913,264533005071,264533018535,62.125,6.583,561.000,567.583,629.708
602,update,true,264533198531,264533199564,264533199719,264533215446,43.042,6.458,655.292,661.750,704.792
603,update,true,264533401627,264533403090,264533403258,264533419021,60.958,7.000,656.792,663.792,724.750
604,update,true,264533601914,264533604008,264533604180,264533619909,87.250,7.167,655.375,662.542,749.792
605,update,true,264533737787,264533739083,264533739221,264533750678,54.000,5.750,477.375,483.125,537.125
606,update,true,264533933178,264533934608,264533934734,264533948129,59.583,5.250,558.125,563.375,622.958
607,update,true,264534137943,264534141486,264534142219,264534158703,147.625,30.542,686.833,717.375,865.000
608,update,true,264534331969,264534333028,264534333114,264534341139,44.125,3.583,334.375,337.958,382.083
609,update,true,264534536912,264534540453,264534540803,264534553583,147.542,14.583,532.500,547.083,694.625
610,update,true,264534735093,264534736478,264534736606,264534748665,57.708,5.333,502.458,507.792,565.500
611,update,true,264534932162,264534933487,264534937104,264534944707,55.208,150.708,316.792,467.500,522.708
612,update,true,264535127689,264535128899,264535129027,264535141387,50.417,5.333,515.000,520.333,570.750
613,update,true,264535340063,264535342056,264535342918,264535357049,83.042,35.917,588.792,624.708,707.750
614,update,true,264535535942,264535536817,264535536905,264535544235,36.458,3.667,305.417,309.083,345.542
615,update,true,264535589809,264535590348,264535590397,264535597377,22.458,2.042,290.833,292.875,315.333
616,update,true,264535797067,264535798598,264535798715,264535809326,63.792,4.875,442.125,447.000,510.792
617,update,true,264536003735,264536005177,264536005316,264536018128,60.083,5.792,533.833,539.625,599.708
618,update,true,264536200088,264536200986,264536201152,264536215392,37.417,6.917,593.333,600.250,637.667
619,update,true,264536399365,264536400802,264536400934,264536414462,59.875,5.500,563.667,569.167,629.042
620,update,true,264536597122,264536597984,264536598115,264536609572,35.917,5.458,477.375,482.833,518.750
621,update,true,264536801083,264536802588,264536802733,264536817380,62.708,6.042,610.292,616.333,679.042
622,update,true,264537002833,264537003912,264537004059,264537018843,44.958,6.125,616.000,622.125,667.083
623,update,true,264537202798,264537204411,264537204558,264537219496,67.208,6.125,622.417,628.542,695.750
624,update,true,264537401424,264537402762,264537402897,264537414169,55.750,5.625,469.667,475.292,531.042
625,update,true,264537531099,264537532436,264537532580,264537545404,55.708,6.000,534.333,540.333,596.042
626,update,true,264537738080,264537739895,264537740702,264537755277,75.625,33.625,607.292,640.917,716.542
627,update,true,264537931312,264537932640,264537932785,264537945390,55.333,6.042,525.208,531.250,586.583
628,update,true,264538099519,264538100758,264538100885,264538113649,51.625,5.292,531.833,537.125,588.750
629,update,true,264538336291,264538337910,264538338070,264538353579,67.458,6.667,646.208,652.875,720.333
630,update,true,264538532541,264538533773,264538533914,264538546011,51.333,5.875,504.042,509.917,561.250
631,update,true,264538732276,264538733671,264538733810,264538747141,58.125,5.792,555.458,561.250,619.375
632,update,true,264538935973,264538937257,264538937400,264538950616,53.500,5.958,550.667,556.625,610.125
633,update,true,264539132653,264539134271,264539134423,264539148255,67.417,6.333,576.333,582.667,650.083
634,update,true,264539337113,264539338457,264539338600,264539351554,56.000,5.958,539.750,545.708,601.708
635,update,true,264539395426,264539396854,264539396927,264539403123,59.500,3.042,258.167,261.208,320.708
636,update,true,264539596051,264539597880,264539598010,264539610456,76.208,5.417,518.583,524.000,600.208
637,update,true,264539797543,264539799041,264539799220,264539812634,62.417,7.458,558.917,566.375,628.792
638,update,true,264539998620,264540000670,264540000817,264540014262,85.417,6.125,560.208,566.333,651.750
639,update,true,264540203078,264540204313,264540204463,264540218287,51.458,6.250,576.000,582.250,633.708
640,update,true,264540405579,264540408226,264540408384,264540423769,110.292,6.583,641.042,647.625,757.917
641,update,true,264540599903,264540601021,264540601170,264540616941,46.583,6.208,657.125,663.333,709.917
642,update,true,264540801055,264540802612,264540802748,264540816436,64.875,5.667,570.333,576.000,640.875
643,update,true,264540999502,264541000516,264541000662,264541013633,42.250,6.083,540.458,546.542,588.792
644,update,true,264541201452,264541203093,264541203244,264541222856,68.375,6.292,817.167,823.458,891.833
645,update,true,264541333444,264541334701,264541334843,264541346836,52.375,5.917,499.708,505.625,558.000
646,update,true,264541530186,264541531583,264541531717,264541543435,58.208,5.583,488.250,493.833,552.042
647,update,true,264541732155,264541733218,264541733345,264541744552,44.292,5.292,466.958,472.250,516.542
648,update,true,264541928151,264541929475,264541929608,264541941773,55.167,5.542,506.875,512.417,567.583
649,update,true,264542132413,264542133487,264542133612,264542143983,44.750,5.208,432.125,437.333,482.083
650,update,true,264545713036,264545714442,264545714634,264545736348,58.583,8.000,904.750,912.750,971.333
651,update,true,264545938418,264545939802,264545939952,264545955674,57.667,6.250,655.083,661.333,719.000
652,update,true,264546136792,264546137927,264546138060,264546152280,47.292,5.542,592.500,598.042,645.333
653,update,true,264546297124,264546298180,264546298314,264546313660,44.000,5.583,639.417,645.000,689.000
654,update,true,264546497009,264546497992,264546498121,264546512384,40.958,5.375,594.292,599.667,640.625
655,update,true,264546697755,264546698987,264546699117,264546713376,51.333,5.417,594.125,599.542,650.875
656,update,true,264546896674,264546897749,264546897888,264546912081,44.792,5.792,591.375,597.167,641.958
657,update,true,264547102368,264547103831,264547103972,264547118539,60.958,5.875,606.958,612.833,673.792
658,update,true,264547222061,264547223231,264547223354,264547239656,48.750,5.125,679.250,684.375,733.125
659,update,true,264547425032,264547425642,264547425732,264547434630,25.417,3.750,370.750,374.500,399.917
660,update,true,264547623819,264547624914,264547625031,264547638817,45.625,4.875,574.417,579.292,624.917
661,update,true,264547825027,264547826404,264547826545,264547841466,57.375,5.875,621.708,627.583,684.958
662,update,true,264548029991,264548031187,264548031314,264548045893,49.833,5.292,607.458,612.750,662.583
663,update,true,264548276634,264548278505,264548278654,264548294318,77.958,6.208,652.667,658.875,736.833
664,update,true,264548431217,264548432750,264548432893,264548448036,63.875,5.958,630.958,636.917,700.792
665,update,true,264548636988,264548638449,264548638590,264548655083,60.875,5.875,687.208,693.083,753.958
666,update,true,264548831491,264548832857,264548832988,264548847835,56.917,5.458,618.625,624.083,681.000
667,update,true,264549032867,264549034382,264549034528,264549066572,63.125,6.083,1335.167,1341.250,1404.375
668,update,true,264549094289,264549095286,264549095403,264549107318,41.542,4.875,496.458,501.333,542.875
669,update,true,264549291488,264549292415,264549292538,264549305798,38.625,5.125,552.500,557.625,596.250
670,update,true,264549496881,264549498131,264549498272,264549515491,52.083,5.875,717.458,723.333,775.417
671,update,true,264549698106,264549699018,264549699166,264549718006,38.000,6.167,785.000,791.167,829.167
672,update,true,264549902794,264549904464,264549904629,264549930106,69.583,6.875,1061.542,1068.417,1138.000
673,update,true,264550099749,264550100944,264550101107,264550120192,49.792,6.792,795.208,802.000,851.792
674,update,true,264550301459,264550303580,264550303736,264550320303,88.375,6.500,690.292,696.792,785.167
675,update,true,264550495696,264550496608,264550496765,264550512960,38.000,6.542,674.792,681.333,719.333
676,update,true,264550697765,264550698951,264550699122,264550719640,49.417,7.125,854.917,862.042,911.458
677,update,true,264550894361,264550895370,264550895517,264550911371,42.042,6.125,660.583,666.708,708.750
678,update,true,264551025862,264551027313,264551027445,264551040024,60.458,5.500,524.125,529.625,590.083
679,update,true,264551224015,264551225587,264551225732,264551240292,65.500,6.042,606.667,612.708,678.208
680,update,true,264551427697,264551428725,264551428813,264551440489,42.833,3.667,486.500,490.167,533.000
681,update,true,264551631220,264551632697,264551632824,264551645210,61.542,5.292,516.083,521.375,582.917
682,update,true,264551830626,264551831180,264551831265,264551838575,23.083,3.542,304.583,308.125,331.208
683,update,true,264552028193,264552029611,264552029759,264552041679,59.083,6.167,496.667,502.833,561.917
684,update,true,264552230439,264552232312,264552232720,264552241159,78.042,17.000,351.625,368.625,446.667
685,update,true,264552433666,264552435169,264552435310,264552448862,62.625,5.875,564.667,570.542,633.167
686,update,true,264552634580,264552636540,264552637009,264552646570,81.667,19.542,398.375,417.917,499.583
687,update,true,264552824902,264552825930,264552826021,264552834280,42.833,3.792,344.125,347.917,390.750
688,update,true,264552892140,264552892832,264552892916,264552898802,28.833,3.500,245.250,248.750,277.583
689,update,true,264553091392,264553091889,264553091979,264553101411,20.708,3.750,393.000,396.750,417.458
690,update,true,264553291816,264553292750,264553292837,264553300346,38.917,3.625,312.875,316.500,355.417
691,update,true,264553492177,264553492668,264553492758,264553500109,20.458,3.750,306.292,310.042,330.500
692,update,true,264553695630,264553697187,264553697327,264553709200,64.875,5.833,494.708,500.542,565.417
693,update,true,264553903926,264553905277,264553905412,264553918304,56.292,5.625,537.167,542.792,599.083
694,update,true,264554096646,264554098436,264554098597,264554115672,74.583,6.708,711.458,718.167,792.750
695,update,true,264554300189,264554301442,264554301586,264554315360,52.208,6.000,573.917,579.917,632.125
696,update,true,264554499490,264554500604,264554500732,264554511716,46.417,5.333,457.667,463.000,509.417
697,update,true,264554693056,264554693749,264554693841,264554701172,28.875,3.833,305.458,309.292,338.167
698,update,true,264554820874,264554821792,264554821884,264554828682,38.250,3.833,283.250,287.083,325.333
699,update,true,264555019615,264555020519,264555020613,264555027736,37.667,3.917,296.792,300.708,338.375
700,update,true,264555220309,264555221201,264555221287,264555227818,37.167,3.583,272.125,275.708,312.875
701,update,true,264555419598,264555421277,264555421659,264555428760,69.958,15.917,295.875,311.792,381.750
702,update,true,264555623399,264555624403,264555624477,264555632266,41.833,3.083,324.542,327.625,369.458
703,update,true,264555824296,264555827543,264555828230,264555842515,135.292,28.625,595.208,623.833,759.125
704,update,true,264556032936,264556034519,264556034658,264556047402,65.958,5.792,531.000,536.792,602.750
705,update,true,264556226538,264556227851,264556228505,264556235910,54.708,27.250,308.542,335.792,390.500
706,update,true,264556430442,264556431680,264556431833,264556443536,51.583,6.375,487.625,494.000,545.583
707,update,true,264556634892,264556636768,264556636855,264556645425,78.167,3.625,357.083,360.708,438.875
708,update,true,264556695273,264556695676,264556695749,264556701923,16.792,3.042,257.250,260.292,277.083
709,update,true,264556892421,264556893318,264556893412,264556900792,37.375,3.917,307.500,311.417,348.792
710,up,true,264557303706,264557307107,264557307175,264557314382,141.708,2.833,300.292,303.125,444.833
711,update,true,264557434900,264557435739,264557435839,264557444306,34.958,4.167,352.792,356.958,391.917
712,update,true,264563439592,264563445197,264563445382,264563463836,233.542,7.708,768.917,776.625,1010.167
713,update,true,264563646811,264563648309,264563648456,264563661973,62.417,6.125,563.208,569.333,631.750
714,update,true,264563848104,264563849469,264563849597,264563861987,56.875,5.333,516.250,521.583,578.458
715,update,true,264564057466,264564058351,264564058435,264564065802,36.875,3.500,306.958,310.458,347.333
716,update,true,264564233138,264564233844,264564233918,264564239987,29.417,3.083,252.875,255.958,285.375
717,update,true,264564421986,264564422753,264564422826,264564430268,31.958,3.042,310.083,313.125,345.083
718,update,true,264564563276,264564563934,264564563997,264564569863,27.417,2.625,244.417,247.042,274.458
719,update,true,264564755366,264564756028,264564756103,264564762394,27.583,3.125,262.125,265.250,292.833
720,update,true,264564940198,264564940892,264564940970,264564947423,28.917,3.250,268.875,272.125,301.042
721,update,true,264565130928,264565131658,264565131728,264565139666,30.417,2.917,330.750,333.667,364.083
722,update,true,264565322423,264565323095,264565323160,264565330587,28.000,2.708,309.458,312.167,340.167
723,update,true,264565512621,264565513275,264565513343,264565521125,27.250,2.833,324.250,327.083,354.333
724,update,true,264565705464,264565706102,264565706168,264565713783,26.583,2.750,317.292,320.042,346.625
725,update,true,264565894172,264565895047,264565895123,264565903637,36.458,3.167,354.750,357.917,394.375
726,update,true,264566087549,264566089161,264566089724,264566098465,67.167,23.458,364.208,387.667,454.833
727,update,true,264566280596,264566281439,264566281528,264566291063,35.125,3.708,397.292,401.000,436.125
728,update,true,264566467941,264566468743,264566468821,264566475690,33.417,3.250,286.208,289.458,322.875
729,update,true,264566658543,264566659378,264566659456,264566667994,34.792,3.250,355.750,359.000,393.792
730,update,true,264566850589,264566851491,264566851579,264566861283,37.583,3.667,404.333,408.000,445.583
731,update,true,264567042394,264567043206,264567043282,264567053035,33.833,3.167,406.375,409.542,443.375
732,update,true,264567239256,264567240784,264567240921,264567257067,63.667,5.708,672.750,678.458,742.125
733,update,true,264567461362,264567462777,264567462905,264567477642,58.958,5.333,614.042,619.375,678.333
734,update,true,264567656264,264567657230,264567657320,264567666068,40.250,3.750,364.500,368.250,408.500
735,update,true,264567837339,264567838206,264567838287,264567846871,36.125,3.375,357.667,361.042,397.167
736,update,true,264568035208,264568036050,264568036125,264568044304,35.083,3.125,340.792,343.917,379.000
737,update,true,264568217874,264568218861,264568218947,264568227177,41.125,3.583,342.917,346.500,387.625
738,update,true,264568366248,264568367224,264568367312,264568376517,40.667,3.667,383.542,387.208,427.875
739,update,true,264568566519,264568567996,264568568132,264568583205,61.542,5.667,628.042,633.708,695.250
740,update,true,264568743692,264568744778,264568745301,264568754889,45.250,21.792,399.500,421.292,466.542
741,update,true,264568936808,264568937698,264568937780,264568947328,37.083,3.417,397.833,401.250,438.333
742,update,true,264569126248,264569127217,264569127302,264569136472,40.375,3.542,382.083,385.625,426.000
743,update,true,264569311453,264569312365,264569312447,264569321220,38.000,3.417,365.542,368.958,406.958
744,update,true,264569503271,264569504122,264569504200,264569512595,35.458,3.250,349.792,353.042,388.500
745,update,true,264569693116,264569693944,264569694031,264569703157,34.500,3.625,380.250,383.875,418.375
746,update,true,264569881173,264569881859,264569881935,264569890734,28.583,3.167,366.625,369.792,398.375
747,update,true,264570079573,264570080484,264570080569,264570089249,37.958,3.542,361.667,365.208,403.167
748,update,true,264570262376,264570263309,264570263388,264570281842,38.875,3.292,768.917,772.208,811.083
749,update,true,264570452826,264570453816,264570453906,264570463749,41.250,3.750,410.125,413.875,455.125
750,update,true,264570640669,264570641678,264570641762,264570651655,42.042,3.500,412.208,415.708,457.750
751,update,true,264570830723,264570831730,264570831822,264570841053,41.958,3.833,384.625,388.458,430.417
752,update,true,264571022828,264571023751,264571023828,264571032965,38.458,3.208,380.708,383.917,422.375
753,update,true,264571212515,264571213441,264571213531,264571222555,38.583,3.750,376.000,379.750,418.333
754,update,true,264571412132,264571412852,264571412928,264571422170,30.000,3.167,385.083,388.250,418.250
755,update,true,264571641691,264571643868,264571644092,264571664531,90.708,9.333,851.625,860.958,951.667
756,update,true,264571826465,264571827342,264571827421,264571836822,36.542,3.292,391.708,395.000,431.542
757,update,true,264572016477,264572017415,264572017502,264572026704,39.083,3.625,383.417,387.042,426.125
758,update,true,264572164353,264572165290,264572165381,264572174882,39.042,3.792,395.875,399.667,438.708
759,update,true,264572352061,264572353020,264572353113,264572363474,39.958,3.875,431.708,435.583,475.542
760,update,true,264572557784,264572559910,264572560063,264572578393,88.583,6.375,763.750,770.125,858.708
761,update,true,264572746697,264572748190,264572748330,264572770709,62.208,5.833,932.458,938.292,1000.500
762,update,true,264572939164,264572940465,264572940593,264572955735,54.208,5.333,630.917,636.250,690.458
763,update,true,264573127540,264573128961,264573129097,264573142785,59.208,5.667,570.333,576.000,635.208
764,update,true,264573320601,264573322168,264573322310,264573340147,65.292,5.917,743.208,749.125,814.417
765,update,true,264573507767,264573509384,264573509533,264573525820,67.375,6.208,678.625,684.833,752.208
766,update,true,264573698695,264573700178,264573700329,264573718885,61.792,6.292,773.167,779.458,841.250
767,update,true,264573891674,264573893137,264573893291,264573909746,60.958,6.417,685.625,692.042,753.000
768,update,true,264574088926,264574090556,264574090705,264574107987,67.917,6.208,720.083,726.292,794.208
769,update,true,264574280502,264574282018,264574282156,264574297243,63.167,5.750,628.625,634.375,697.542
770,update,true,264574458239,264574459711,264574459849,264574493497,61.333,5.750,1402.000,1407.750,1469.083
771,update,true,264574651828,264574653322,264574653464,264574666942,62.250,5.917,561.583,567.500,629.750
772,update,true,264574844120,264574845659,264574845802,264574860209,64.125,5.958,600.292,606.250,670.375
773,update,true,264575034260,264575035671,264575035802,264575054454,58.792,5.458,777.167,782.625,841.417
774,update,true,264575243078,264575244460,264575244588,264575261507,57.583,5.333,704.958,710.292,767.875
775,update,true,264575436770,264575437731,264575437814,264575447780,40.042,3.458,415.250,418.708,458.750
776,update,true,264575632101,264575633065,264575633152,264575643949,40.167,3.625,449.875,453.500,493.667
777,update,true,264575839862,264575841158,264575841290,264575855273,54.000,5.500,582.625,588.125,642.125
778,update,true,264576016282,264576017325,264576017409,264576027381,43.458,3.500,415.500,419.000,462.458
779,update,true,264576157021,264576157975,264576158058,264576167767,39.750,3.458,404.542,408.000,447.750
780,update,true,264576348859,264576349862,264576349947,264576359811,41.792,3.542,411.000,414.542,456.333
781,update,true,264576539232,264576540241,264576540319,264576550071,42.042,3.250,406.333,409.583,451.625
782,update,true,264576727576,264576728547,264576728630,264576737896,40.458,3.458,386.083,389.542,430.000
783,update,true,264576920436,264576921344,264576921429,264576930863,37.833,3.542,393.083,396.625,434.458
784,update,true,264577108434,264577109364,264577109452,264577119024,38.750,3.667,398.833,402.500,441.250
785,update,true,264577302385,264577303338,264577303433,264577312174,39.708,3.958,364.208,368.167,407.875
786,update,true,264577490990,264577492082,264577492189,264577505151,45.500,4.458,540.083,544.542,590.042
787,update,true,264577682751,264577683711,264577683799,264577693852,40.000,3.667,418.875,422.542,462.542
788,update,true,264577880480,264577881447,264577881541,264577891493,40.292,3.917,414.667,418.583,458.875
789,update,true,264578058638,264578059640,264578059722,264578069254,41.750,3.417,397.167,400.583,442.333
790,update,true,264578249878,264578250851,264578250948,264578259468,40.542,4.042,355.000,359.042,399.583
791,update,true,264578440818,264578441875,264578441965,264578452990,44.042,3.750,459.375,463.125,507.167
792,update,true,264578632296,264578633219,264578633302,264578643030,38.458,3.458,405.333,408.792,447.250
793,update,true,264578819555,264578821425,264578821536,264578830209,77.917,4.625,361.375,366.000,443.917
794,update,true,264579017281,264579018241,264579018320,264579026713,40.000,3.292,349.708,353.000,393.000
795,update,true,264579236370,264579237233,264579237307,264579245119,35.958,3.083,325.500,328.583,364.542
796,update,true,264579410839,264579411817,264579411903,264579422870,40.750,3.583,456.958,460.542,501.292
797,update,true,264579635377,264579636716,264579636838,264579649047,55.792,5.083,508.708,513.792,569.583
798,update,true,264579820712,264579821631,264579821707,264579829514,38.292,3.167,325.292,328.458,366.750
799,update,true,264579971252,264579972777,264579972925,264579987313,63.542,6.167,599.500,605.667,669.208
800,update,true,264580157942,264580159237,264580159366,264580172637,53.958,5.375,552.958,558.333,612.292
801,update,true,264580350633,264580351995,264580352125,264580365472,56.750,5.417,556.125,561.542,618.292
802,update,true,264580534315,264580535140,264580535221,264580542690,34.375,3.375,311.208,314.583,348.958
803,update,true,264580721528,264580722126,264580722188,264580728444,24.917,2.583,260.667,263.250,288.167
804,update,true,264580911611,264580912186,264580912246,264580918071,23.958,2.500,242.708,245.208,269.167
805,update,true,264581101494,264581102072,264581102132,264581108128,24.083,2.500,249.833,252.333,276.417
806,update,true,264581291191,264581291753,264581291815,264581296981,23.417,2.583,215.250,217.833,241.250
807,update,true,264581481620,264581482214,264581482269,264581488032,24.750,2.292,240.125,242.417,267.167
808,update,true,264581686400,264581687588,264581687705,264581701275,49.500,4.875,565.417,570.292,619.792
809,update,true,264581885921,264581887342,264581887485,264581903921,59.208,5.958,684.833,690.792,750.000
810,update,true,264582258031,264582259463,264582259590,264582271963,59.667,5.292,515.542,520.833,580.500
811,update,true,264582445309,264582446374,264582446464,264582454721,44.375,3.750,344.042,347.792,392.167
812,update,true,264582633037,264582633979,264582634064,264582642395,39.250,3.542,347.125,350.667,389.917
813,update,true,264582832312,264582833313,264582833396,264582841907,41.708,3.458,354.625,358.083,399.792
814,update,true,264583028442,264583029449,264583029539,264583036997,41.958,3.750,310.750,314.500,356.458
815,update,true,264583229567,264583230467,264583230553,264583237390,37.500,3.583,284.875,288.458,325.958
816,update,true,264583427715,264583428666,264583428749,264583436030,39.625,3.458,303.375,306.833,346.458
817,update,true,264583625791,264583626861,264583626949,264583635486,44.583,3.667,355.708,359.375,403.958
818,update,true,264583808298,264583809291,264583809372,264583817238,41.375,3.375,327.750,331.125,372.500
819,update,true,264583958270,264583959470,264583959562,264583969413,50.000,3.833,410.458,414.292,464.292
820,update,true,264584145317,264584146349,264584146444,264584155117,43.000,3.958,361.375,365.333,408.333
821,update,true,264584340915,264584341865,264584341951,264584350284,39.583,3.583,347.208,350.792,390.375
822,update,true,264584525982,264584526857,264584526938,264584534819,36.458,3.375,328.375,331.750,368.208
823,update,true,264584715602,264584716508,264584716581,264584723873,37.750,3.042,303.833,306.875,344.625
824,update,true,264584909772,264584910774,264584910859,264584919176,41.750,3.542,346.542,350.083,391.833
825,update,true,264585103197,264585104904,264585105045,264585116733,71.125,5.875,487.000,492.875,564.000
826,update,true,264585298435,264585299735,264585299862,264585312415,54.167,5.292,523.042,528.333,582.500
827,update,true,264585865214,264585866878,264585867038,264585881636,69.333,6.667,608.250,614.917,684.250
828,update,true,264586054730,264586056060,264586056187,264586066985,55.417,5.292,449.917,455.208,510.625
829,update,true,264586241504,264586242444,264586242530,264586249979,39.167,3.583,310.375,313.958,353.125
830,update,true,264586432955,264586433962,264586434055,264586442314,41.958,3.875,344.125,348.000,389.958
831,update,true,264586628172,264586629110,264586629191,264586637144,39.083,3.375,331.375,334.750,373.833
832,update,true,264586832825,264586833670,264586833751,264586841270,35.208,3.375,313.292,316.667,351.875
833,update,true,264587028198,264587029092,264587029182,264587036232,37.250,3.750,293.750,297.500,334.750
834,update,true,264587239737,264587240946,264587241072,264587255943,50.375,5.250,619.625,624.875,675.250
835,update,true,264587432573,264587433580,264587433667,264587443116,41.958,3.625,393.708,397.333,439.292
836,update,true,264587568661,264587569597,264587569677,264587579083,39.000,3.333,391.917,395.250,434.250
837,update,true,264587761830,264587762776,264587762878,264587773277,39.417,4.250,433.292,437.542,476.958
838,update,true,264587948746,264587949624,264587949707,264587958850,36.583,3.458,380.958,384.417,421.000
839,update,true,264588143410,264588144374,264588144459,264588153768,40.167,3.542,387.875,391.417,431.583
840,update,true,264588331985,264588332934,264588333018,264588342046,39.542,3.500,376.167,379.667,419.208
841,update,true,264588523021,264588523831,264588523913,264588536058,33.750,3.417,506.042,509.458,543.208
842,update,true,264588712381,264588713139,264588713219,264588721206,31.583,3.333,332.792,336.125,367.708
843,update,true,264588901270,264588902085,264588902168,264588910898,33.958,3.458,363.750,367.208,401.167
844,update,true,264589279972,264589280821,264589280897,264589289678,35.375,3.167,365.875,369.042,404.417
845,update,true,264589473172,264589474018,264589474096,264589483020,35.250,3.250,371.833,375.083,410.333
846,update,true,264589665857,264589666694,264589666768,264589676147,34.875,3.083,390.792,393.875,428.750
847,update,true,264589851108,264589851962,264589852036,264589860534,35.583,3.083,354.083,357.167,392.750
848,update,true,264590043159,264590043758,264590043821,264590050914,24.958,2.625,295.542,298.167,323.125
849,update,true,264590231274,264590232030,264590232098,264590239931,31.500,2.833,326.375,329.208,360.708
850,update,true,264590426825,264590427547,264590427627,264590435170,30.083,3.333,314.292,317.625,347.708
851,update,true,264590626144,264590626871,264590626945,264590634814,30.292,3.083,327.875,330.958,361.250
852,update,true,264590826239,264590826993,264590827072,264590834686,31.417,3.292,317.250,320.542,351.958
853,update,true,264591031503,264591032368,264591032447,264591040938,36.042,3.292,353.792,357.083,393.125
854,update,true,264591232264,264591233170,264591233249,264591242147,37.750,3.292,370.750,374.042,411.792
855,update,true,264591565254,264591566155,264591566249,264591575744,37.542,3.917,395.625,399.542,437.083
856,update,true,264591593602,264591594072,264591594134,264591600216,19.583,2.583,253.417,256.000,275.583
857,update,true,264591754056,264591754910,264591754993,264591763546,35.583,3.458,356.375,359.833,395.417
858,update,true,264591943975,264591944854,264591944939,264591954725,36.625,3.542,407.750,411.292,447.917
859,update,true,264592139940,264592140823,264592140907,264592149290,36.792,3.500,349.292,352.792,389.583
860,update,true,264592326816,264592327646,264592327729,264592336806,34.583,3.458,378.208,381.667,416.250
861,update,true,264592514553,264592515333,264592515408,264592524772,32.500,3.125,390.167,393.292,425.792
862,update,true,264592701152,264592701913,264592701989,264592709687,31.708,3.167,320.750,323.917,355.625
863,update,true,264592906023,264592907505,264592907638,264592922630,61.750,5.542,624.667,630.208,691.958
864,update,true,264593086809,264593087701,264593087798,264593097092,37.167,4.042,387.250,391.292,428.458
865,update,true,264593280743,264593281590,264593281675,264593292192,35.292,3.542,438.208,441.750,477.042
866,update,true,264595556556,264595557481,264595557564,264595566352,38.542,3.458,366.167,369.625,408.167
867,update,true,264595749443,264595750455,264595750546,264595759234,42.167,3.792,362.000,365.792,407.958
868,update,true,264595946635,264595947970,264595948102,264595963199,55.625,5.500,629.042,634.542,690.167
869,update,true,264596126142,264596126993,264596127074,264596134599,35.458,3.375,313.542,316.917,352.375
870,update,true,264596326000,264596327396,264596327527,264596342468,58.167,5.458,622.542,628.000,686.167
871,update,true,264596506930,264596507827,264596507911,264596517254,37.375,3.500,389.292,392.792,430.167
872,update,true,264596704676,264596705961,264596706076,264596720224,53.542,4.792,589.500,594.292,647.833
873,update,true,264596895357,264596896828,264596896969,264596912677,61.292,5.875,654.500,660.375,721.667
874,update,true,264597085196,264597086564,264597086689,264597101354,57.000,5.208,611.042,616.250,673.250
875,update,true,264597280150,264597281626,264597281763,264597296574,61.500,5.708,617.125,622.833,684.333
876,update,true,264597462801,264597463753,264597463838,264597473404,39.667,3.542,398.583,402.125,441.792
877,update,true,264597657184,264597658537,264597658662,264597673261,56.375,5.208,608.292,613.500,669.875
878,update,true,264597841340,264597842178,264597842263,264597851552,34.917,3.542,387.042,390.583,425.500
879,update,true,264598143225,264598144073,264598144145,264598154683,35.333,3.000,439.083,442.083,477.417
880,update,true,264598242063,264598242852,264598242930,264598251232,32.875,3.250,345.917,349.167,382.042
881,update,true,264598444152,264598445165,264598445251,264598455340,42.208,3.583,420.375,423.958,466.167
882,update,true,264598652328,264598653509,264598653603,264598663638,49.208,3.917,418.125,422.042,471.250
883,update,true,264598848121,264598849191,264598849283,264598861061,44.583,3.833,490.750,494.583,539.167
884,update,true,264599036411,264599037511,264599037614,264599049019,45.833,4.292,475.208,479.500,525.333
885,update,true,264599210271,264599211333,264599211426,264599221974,44.250,3.875,439.500,443.375,487.625
886,update,true,264599554081,264599555038,264599555130,264599565353,39.875,3.833,425.958,429.792,469.667
887,update,true,264599742028,264599742950,264599743040,264599752246,38.417,3.750,383.583,387.333,425.750
888,update,true,264599928884,264599929917,264599930010,264599939557,43.042,3.875,397.792,401.667,444.708
889,update,true,264600124075,264600125114,264600125203,264600135078,43.292,3.708,411.458,415.167,458.458
890,update,true,264600315999,264600317098,264600317192,264600328060,45.792,3.917,452.833,456.750,502.542
891,update,true,264600505460,264600506425,264600506512,264600516395,40.208,3.625,411.792,415.417,455.625
892,update,true,264600698219,264600699169,264600699259,264600709973,39.583,3.750,446.417,450.167,489.750
893,update,true,264600883079,264600884102,264600884189,264600894063,42.625,3.625,411.417,415.042,457.667
894,update,true,264601071838,264601072897,264601072988,264601083971,44.125,3.792,457.625,461.417,505.542
895,update,true,264601264664,264601265625,264601265712,264601275330,40.042,3.625,400.750,404.375,444.417
896,update,true,264601455748,264601456774,264601456871,264601467738,42.750,4.042,452.792,456.833,499.583
897,update,true,264601642716,264601643812,264601643906,264601654991,45.667,3.917,461.875,465.792,511.458
898,update,true,264601836302,264601837289,264601837377,264601846749,41.125,3.667,390.500,394.167,435.292
899,update,true,264602038743,264602039729,264602039823,264602049446,41.083,3.917,400.958,404.875,445.958
900,update,true,264602243147,264602244130,264602244218,264602254391,40.958,3.667,423.875,427.542,468.500
901,update,true,264602430105,264602431219,264602431314,264602441490,46.417,3.958,424.000,427.958,474.375
902,update,true,264602636592,264602637553,264602637639,264602647233,40.042,3.583,399.750,403.333,443.375
903,update,true,264602828265,264602829272,264602829363,264602841182,41.958,3.792,492.458,496.250,538.208
904,update,true,264603005610,264603006679,264603006782,264603017740,44.542,4.292,456.583,460.875,505.417
905,update,true,264603166234,264603167308,264603167401,264603177766,44.750,3.875,431.875,435.750,480.500
906,update,true,264603357898,264603358948,264603359042,264603370223,43.750,3.917,465.875,469.792,513.542
907,update,true,264603547030,264603548152,264603548244,264603559206,46.750,3.833,456.750,460.583,507.333
908,update,true,264603736674,264603737657,264603737746,264603748072,40.958,3.708,430.250,433.958,474.917
909,update,true,264603922457,264603923418,264603923509,264603933613,40.042,3.792,421.000,424.792,464.833
910,update,true,264604116089,264604117192,264604117292,264604128297,45.958,4.167,458.542,462.708,508.667
911,update,true,264604305632,264604306737,264604306836,264604316120,46.042,4.125,386.833,390.958,437.000
912,update,true,264604495800,264604496763,264604496847,264604508010,40.125,3.500,465.125,468.625,508.750
913,update,true,264604698208,264604699735,264604699820,264604709570,63.625,3.542,406.250,409.792,473.417
914,update,true,264604882906,264604883864,264604883956,264604896368,39.917,3.833,517.167,521.000,560.917
915,update,true,264605068056,264605069176,264605069271,264605078647,46.667,3.958,390.667,394.625,441.292
916,update,true,264605260096,264605261120,264605261206,264605272903,42.667,3.583,487.375,490.958,533.625
917,update,true,264605451425,264605452370,264605452470,264605462952,39.375,4.167,436.750,440.917,480.292
918,update,true,264605636254,264605637252,264605637337,264605648506,41.583,3.542,465.375,468.917,510.500
919,update,true,264605824978,264605825815,264605825896,264605834904,34.875,3.375,375.333,378.708,413.583
920,update,true,264606037783,264606038820,264606038914,264606049039,43.208,3.917,421.875,425.792,469.000
921,update,true,264606243361,264606244337,264606244424,264606254338,40.667,3.625,413.083,416.708,457.375
922,update,true,264606434822,264606435721,264606435812,264606444745,37.458,3.792,372.208,376.000,413.458
923,update,true,264606637979,264606639023,264606639112,264606648734,43.500,3.708,400.917,404.625,448.125
924,update,true,264606812045,264606813049,264606813140,264606823364,41.833,3.792,426.000,429.792,471.625
925,update,true,264607019350,264607020362,264607020450,264607030247,42.167,3.667,408.208,411.875,454.042
926,update,true,264607162833,264607163813,264607163904,264607173122,40.833,3.792,384.083,387.875,428.708
927,update,true,264607349514,264607350570,264607350657,264607360588,44.000,3.625,413.792,417.417,461.417
928,update,true,264607541034,264607542034,264607542124,264607552385,41.667,3.750,427.542,431.292,472.958
929,update,true,264607732974,264607733934,264607734024,264607743143,40.000,3.750,379.958,383.708,423.708
930,update,true,264607917832,264607918811,264607918902,264607928458,40.792,3.792,398.167,401.958,442.750
931,update,true,264608109141,264608110118,264608110208,264608119469,40.708,3.750,385.875,389.625,430.333
932,update,true,264608300234,264608301166,264608301258,264608310778,38.833,3.833,396.667,400.500,439.333
933,update,true,264608490547,264608492685,264608492770,264608502908,89.083,3.542,422.417,425.958,515.042
934,update,true,264608682223,264608683149,264608683237,264608692252,38.583,3.667,375.625,379.292,417.875
935,update,true,264608885485,264608886802,264608887423,264608897861,54.875,25.875,434.917,460.792,515.667
936,update,true,264609059036,264609059999,264609060089,264609070366,40.125,3.750,428.208,431.958,472.083
937,update,true,264609445138,264609446112,264609446210,264609462190,40.583,4.083,665.833,669.917,710.500
938,update,true,264609471220,264609471599,264609471654,264609476470,15.792,2.292,200.667,202.958,218.750
939,update,true,264609630323,264609631204,264609631295,264609640683,36.708,3.792,391.167,394.958,431.667
940,update,true,264609831261,264609832288,264609832379,264609842274,42.792,3.792,412.292,416.083,458.875
941,update,true,264610029122,264610030535,264610030668,264610045698,58.875,5.542,626.250,631.792,690.667
942,update,true,264610248377,264610249657,264610249765,264610263907,53.333,4.500,589.250,593.750,647.083
943,update,true,264610433593,264610434626,264610434719,264610444398,43.042,3.875,403.292,407.167,450.208
944,update,true,264610630241,264610631282,264610631378,264610641444,43.375,4.000,419.417,423.417,466.792
945,update,true,264610964730,264610965680,264610965766,264610975585,39.583,3.583,409.125,412.708,452.292
946,update,true,264611153632,264611154419,264611154493,264611163039,32.792,3.083,356.083,359.167,391.958
947,update,true,264611342583,264611343407,264611343478,264611352310,34.333,2.958,368.000,370.958,405.292
948,update,true,264611533350,264611534210,264611534288,264611543841,35.833,3.250,398.042,401.292,437.125
949,update,true,264611719946,264611720969,264611721047,264611730935,42.625,3.250,412.000,415.250,457.875
950,update,true,264611911800,264611912808,264611912902,264611923504,42.000,3.917,441.750,445.667,487.667
951,update,true,264612103894,264612104909,264612104993,264612115338,42.292,3.500,431.042,434.542,476.833
952,update,true,264612292804,264612293778,264612293857,264612303862,40.583,3.292,416.875,420.167,460.750
953,update,true,264612485248,264612486084,264612486159,264612494794,34.833,3.125,359.792,362.917,397.750
954,update,true,264612673997,264612674914,264612674997,264612684940,38.208,3.458,414.292,417.750,455.958
955,update,true,264612863156,264612864011,264612864093,264612872902,35.625,3.417,367.042,370.458,406.083
956,update,true,264613053666,264613054662,264613054746,264613064408,41.500,3.500,402.583,406.083,447.583
957,update,true,264613242873,264613243775,264613243858,264613253341,37.583,3.458,395.125,398.583,436.167
958,update,true,264613444478,264613445375,264613445456,264613456297,37.375,3.375,451.708,455.083,492.458
959,update,true,264613643381,264613644351,264613644441,264613653637,40.417,3.750,383.167,386.917,427.333
960,update,true,264613844953,264613845829,264613845915,264613853582,36.500,3.583,319.458,323.042,359.542
961,update,true,264614035819,264614036642,264614036727,264614044137,34.292,3.542,308.750,312.292,346.583
962,update,true,264614234554,264614235559,264614235647,264614244215,41.875,3.667,357.000,360.667,402.542
963,update,true,264614438706,264614439652,264614439744,264614447917,39.417,3.833,340.542,344.375,383.792
964,update,true,264614624743,264614625643,264614625728,264614633548,37.500,3.542,325.833,329.375,366.875
965,update,true,264614764750,264614765628,264614765712,264614772775,36.583,3.500,294.292,297.792,334.375
966,update,true,264614953047,264614954323,264614954413,264614962440,53.167,3.750,334.458,338.208,391.375
967,update,true,264615146966,264615147829,264615147914,264615155220,35.958,3.542,304.417,307.958,343.917
968,update,true,264615336374,264615337335,264615337425,264615346730,40.042,3.750,387.708,391.458,431.500
969,update,true,264615522873,264615523661,264615523738,264615531680,32.833,3.208,330.917,334.125,366.958
970,update,true,264615721665,264615722561,264615722649,264615731603,37.333,3.667,373.083,376.750,414.083
971,update,true,264615906858,264615907736,264615907818,264615917482,36.583,3.417,402.667,406.083,442.667
972,update,true,264616095393,264616096117,264616096181,264616104479,30.167,2.667,345.750,348.417,378.583
973,update,true,264616288305,264616289187,264616289281,264616299878,36.750,3.917,441.542,445.458,482.208
974,update,true,264616481251,264616482023,264616482103,264616492999,32.167,3.333,454.000,457.333,489.500
975,update,true,264616663455,264616664345,264616664433,264616674124,37.083,3.667,403.792,407.458,444.542
976,update,true,264616858939,264616859960,264616860051,264616869807,42.542,3.792,406.500,410.292,452.833
977,update,true,264617045671,264617046589,264617046669,264617055975,38.250,3.333,387.750,391.083,429.333
978,update,true,264617232864,264617233940,264617234026,264617244025,44.833,3.583,416.625,420.208,465.042
979,update,true,264617435702,264617436666,264617436755,264617445848,40.167,3.708,378.875,382.583,422.750
980,update,true,264617632142,264617633073,264617633160,264617642785,38.792,3.625,401.042,404.667,443.458
981,update,true,264617834552,264617835651,264617835748,264617845303,45.792,4.042,398.125,402.167,447.958
982,update,true,264618039373,264618040272,264618040347,264618049829,37.458,3.125,395.083,398.208,435.667
983,update,true,264618233392,264618234296,264618234385,264618243213,37.667,3.708,367.833,371.542,409.208
984,update,true,264618433175,264618434035,264618434122,264618443161,35.833,3.625,376.625,380.250,416.083
985,update,true,264618618488,264618619441,264618619532,264618629838,39.708,3.792,429.417,433.208,472.917
986,update,true,264618758427,264618759294,264618759384,264618769019,36.125,3.750,401.458,405.208,441.333
987,update,true,264618947830,264618948683,264618948768,264618958002,35.542,3.542,384.750,388.292,423.833
988,update,true,264619138572,264619139963,264619140049,264619149567,57.958,3.583,396.583,400.167,458.125
989,update,true,264619326114,264619327038,264619327121,264619335112,38.500,3.458,332.958,336.417,374.917
990,update,true,264619523662,264619524512,264619524592,264619533176,35.417,3.333,357.667,361.000,396.417
991,update,true,264619709827,264619710676,264619710767,264619719643,35.375,3.792,369.833,373.625,409.000
992,update,true,264619903890,264619904689,264619904768,264619913183,33.292,3.292,350.625,353.917,387.208
993,update,true,264620092735,264620093524,264620093609,264620102770,32.875,3.542,381.708,385.250,418.125
994,update,true,264620281301,264620282086,264620282164,264620292667,32.708,3.250,437.625,440.875,473.583
995,update,true,264620469913,264620471489,264620471580,264620479640,65.667,3.792,335.833,339.625,405.292
996,update,true,264620666873,264620668297,264620668434,264620680821,59.333,5.708,516.125,521.833,581.167
997,update,true,264620853555,264620854435,264620854514,264620863437,36.667,3.292,371.792,375.083,411.750
998,update,true,264621047551,264621049034,264621049165,264621064194,61.792,5.458,626.208,631.667,693.458
999,update,true,264621246739,264621248223,264621248365,264621264584,61.833,5.917,675.792,681.708,743.542
1000,update,true,264621640583,264621641956,264621642088,264621657588,57.208,5.500,645.833,651.333,708.542
1001,update,true,264621841584,264621842843,264621842968,264621858306,52.458,5.208,639.083,644.292,696.750
1002,update,true,264622034398,264622035159,264622035245,264622044604,31.708,3.583,389.958,393.542,425.250
1003,update,true,264622229313,264622230196,264622230286,264622239736,36.792,3.750,393.750,397.500,434.292
1004,update,true,264622418232,264622419163,264622419248,264622428428,38.792,3.542,382.500,386.042,424.833
1005,update,true,264622557969,264622559003,264622559090,264622568441,43.083,3.625,389.625,393.250,436.333
1006,update,true,264622749224,264622750162,264622750248,264622760546,39.083,3.583,429.083,432.667,471.750
1007,update,true,264622937533,264622938536,264622938631,264622947421,41.792,3.958,366.250,370.208,412.000
1008,update,true,264623126887,264623127859,264623127947,264623137698,40.500,3.667,406.292,409.958,450.458
1009,update,true,264623319331,264623320307,264623320403,264623330333,40.667,4.000,413.750,417.750,458.417
1010,update,true,264623511179,264623512103,264623512188,264623521736,38.500,3.542,397.833,401.375,439.875
1011,update,true,264623713128,264623714636,264623714773,264623730099,62.833,5.708,638.583,644.292,707.125
1012,update,true,264623895834,264623897359,264623897454,264623907629,63.542,3.958,423.958,427.917,491.458
1013,update,true,264624084730,264624085718,264624085813,264624096788,41.167,3.958,457.292,461.250,502.417
1014,update,true,264624280262,264624281269,264624281365,264624291837,41.958,4.000,436.333,440.333,482.292
1015,update,true,264624459159,264624460064,264624460153,264624468770,37.708,3.708,359.042,362.750,400.458
1016,update,true,264624649693,264624650835,264624650942,264624660752,47.583,4.458,408.750,413.208,460.792
1017,update,true,264624841308,264624842260,264624842352,264624850196,39.667,3.833,326.833,330.667,370.333
1018,update,true,264625027836,264625028721,264625028809,264625036185,36.875,3.667,307.333,311.000,347.875
1019,update,true,264625237895,264625238837,264625238924,264625248062,39.250,3.625,380.750,384.375,423.625
1020,update,true,264625445443,264625446797,264625446935,264625460891,56.417,5.750,581.500,587.250,643.667
1021,update,true,264625653789,264625655141,264625655268,264625673910,56.333,5.292,776.750,782.042,838.375
1022,update,true,264625849177,264625850547,264625850675,264625865346,57.083,5.333,611.292,616.625,673.708
1023,update,true,264626041479,264626042371,264626042462,264626051874,37.167,3.792,392.167,395.958,433.125
1024,update,true,264626223962,264626226206,264626226531,264626236926,93.500,13.542,433.125,446.667,540.167
1025,update,true,264626365978,264626366886,264626367021,264626376813,37.833,5.625,408.000,413.625,451.458
1026,update,true,264626553318,264626554316,264626554452,264626568694,41.583,5.667,593.417,599.083,640.667
1027,update,true,264626745763,264626746714,264626746839,264626757060,39.625,5.208,425.875,431.083,470.708
1028,update,true,264626937732,264626938690,264626938801,264626948801,39.917,4.625,416.667,421.292,461.208
1029,update,true,264627127323,264627128261,264627128387,264627138487,39.083,5.250,420.833,426.083,465.167
1030,update,true,264627317192,264627318246,264627318364,264627327638,43.917,4.917,386.417,391.333,435.250
1031,update,true,264627507891,264627508817,264627508945,264627519243,38.583,5.333,429.083,434.417,473.000
1032,update,true,264627698240,264627699052,264627699154,264627707841,33.833,4.250,361.958,366.208,400.042
1033,update,true,264627889496,264627890517,264627890637,264627899494,42.542,5.000,369.042,374.042,416.583
1034,update,true,264628268536,264628269576,264628269701,264628279920,43.333,5.208,425.792,431.000,474.333
1035,update,true,264628297111,264628297549,264628297624,264628304432,18.250,3.125,283.667,286.792,305.042
1036,update,true,264628457397,264628458276,264628458393,264628467384,36.625,4.875,374.625,379.500,416.125
1037,update,true,264628648019,264628648951,264628649074,264628658657,38.833,5.125,399.292,404.417,443.250
1038,update,true,264629217125,264629218101,264629218218,264629227859,40.667,4.875,401.708,406.583,447.250
1039,update,true,264629441377,264629442280,264629442395,264629451904,37.625,4.792,396.208,401.000,438.625
1040,update,true,264629631777,264629632790,264629632915,264629643200,42.208,5.208,428.542,433.750,475.958
1041,update,true,264629830351,264629831312,264629831433,264629840427,40.042,5.042,374.750,379.792,419.833
1042,update,true,264630028301,264630029039,264630029150,264630038406,30.750,4.625,385.667,390.292,421.042
1043,update,true,264630168969,264630169825,264630169946,264630179396,35.667,5.042,393.750,398.792,434.458
1044,update,true,264630356907,264630357788,264630357906,264630367789,36.708,4.917,411.792,416.708,453.417
1045,update,true,264630548313,264630549188,264630549292,264630558004,36.458,4.333,363.000,367.333,403.792
1046,update,true,264630739284,264630740241,264630740350,264630750442,39.875,4.542,420.500,425.042,464.917
1047,update,true,264630928856,264630929797,264630929909,264630939034,39.208,4.667,380.208,384.875,424.083
1048,update,true,264631114113,264631114934,264631115047,264631123615,34.208,4.708,357.000,361.708,395.917
1049,update,true,264631313300,264631314106,264631314205,264631322426,33.583,4.125,342.542,346.667,380.250
1050,update,true,264631504731,264631505526,264631505638,264631514938,33.125,4.667,387.500,392.167,425.292
1051,update,true,264631688261,264631689180,264631689283,264631699265,38.292,4.292,415.917,420.208,458.500
1052,update,true,264631885641,264631886493,264631886610,264631897009,35.500,4.875,433.292,438.167,473.667
1053,update,true,264632069917,264632070846,264632070965,264632079344,38.708,4.958,349.125,354.083,392.792
1054,update,true,264632259555,264632260430,264632260533,264632269730,36.458,4.292,383.208,387.500,423.958
1055,update,true,264632453754,264632455224,264632455342,264632465898,61.250,4.917,439.833,444.750,506.000
1056,update,true,264632643402,264632644280,264632644389,264632653744,36.583,4.542,389.792,394.333,430.917
1057,update,true,264632833210,264632834203,264632834315,264632843495,41.375,4.667,382.500,387.167,428.542
1058,update,true,264633034529,264633035440,264633035556,264633043852,37.958,4.833,345.667,350.500,388.458
1059,update,true,264633224819,264633225804,264633225920,264633235136,41.042,4.833,384.000,388.833,429.875
1060,update,true,264633432079,264633433023,264633433134,264633441997,39.333,4.625,369.292,373.917,413.250
1061,update,true,264633632101,264633633050,264633633161,264633642822,39.542,4.625,402.542,407.167,446.708
1062,update,true,264633822458,264633823296,264633823390,264633832290,34.917,3.917,370.833,374.750,409.667
1063,update,true,264634007390,264634008285,264634008394,264634017212,37.292,4.542,367.417,371.958,409.250
1064,update,true,264634160735,264634161698,264634161812,264634171057,40.125,4.750,385.208,389.958,430.083
1065,update,true,264634348370,264634349334,264634349450,264634358960,40.167,4.833,396.250,401.083,441.250
1066,update,true,264634539941,264634540774,264634540871,264634549571,34.708,4.042,362.500,366.542,401.250
1067,update,true,264634735872,264634736795,264634736907,264634745939,38.458,4.667,376.333,381.000,419.458
1068,update,true,264634923220,264634923830,264634923912,264634931581,25.417,3.417,319.542,322.958,348.375
1069,update,true,264635108231,264635109278,264635109829,264635118321,43.625,22.958,353.833,376.792,420.417
1070,update,true,264635299138,264635300151,264635300274,264635311615,42.208,5.125,472.542,477.667,519.875
1071,update,true,264635488027,264635489552,264635489668,264635498094,63.542,4.833,351.083,355.917,419.458
1072,update,true,264635682352,264635683319,264635683430,264635694354,40.292,4.625,455.167,459.792,500.083
1073,update,true,264635868045,264635868865,264635868975,264635875881,34.167,4.583,287.750,292.333,326.500
1074,update,true,264636061806,264636062721,264636062846,264636085984,38.125,5.208,964.083,969.292,1007.417
1075,update,true,264636246979,264636247905,264636248026,264636258389,38.583,5.042,431.792,436.833,475.417
1076,update,true,264636442137,264636443010,264636443118,264636452227,36.375,4.500,379.542,384.042,420.417
1077,update,true,264636631361,264636632335,264636632447,264636641833,40.583,4.667,391.083,395.750,436.333
1078,update,true,264636837008,264636838434,264636838612,264636854782,59.417,7.417,673.750,681.167,740.583
1079,update,true,264637043548,264637044978,264637045163,264637060036,59.583,7.708,619.708,627.417,687.000
1080,update,true,264637240406,264637241733,264637241912,264637254999,55.292,7.458,545.292,552.750,608.042
1081,update,true,264637422246,264637423127,264637423244,264637431061,36.708,4.875,325.708,330.583,367.292
1082,update,true,264637636996,264637637876,264637637981,264637646134,36.667,4.375,339.708,344.083,380.750
1083,update,true,264637824910,264637827250,264637827428,264637841375,97.500,7.417,581.125,588.542,686.042
1084,update,true,264637967089,264637967805,264637967899,264637974645,29.833,3.917,281.083,285.000,314.833
1085,update,true,264638154129,264638155258,264638155358,264638165406,47.042,4.167,418.667,422.833,469.875
1086,update,true,264638343559,264638344514,264638344624,264638354749,39.792,4.583,421.875,426.458,466.250
1087,update,true,264638534859,264638535707,264638535804,264638544725,35.333,4.042,371.708,375.750,411.083
1088,update,true,264638724069,264638724957,264638725067,264638733642,37.000,4.583,357.292,361.875,398.875
1089,update,true,264638915766,264638916634,264638916742,264638925539,36.167,4.500,366.542,371.042,407.208
1090,update,true,264639108214,264639109328,264639109468,264639123142,46.417,5.833,569.750,575.583,622.000
1091,update,true,264639301150,264639301877,264639301988,264639314429,30.292,4.625,518.375,523.000,553.292
1092,update,true,264639496092,264639496853,264639496969,264639508593,31.708,4.833,484.333,489.167,520.875
1093,update,true,264639706114,264639708421,264639708722,264639734732,96.125,12.542,1083.750,1096.292,1192.417
1094,update,true,264639883313,264639883987,264639884097,264639892804,28.083,4.583,362.792,367.375,395.458
1095,update,true,264640065988,264640067354,264640067516,264640080055,56.917,6.750,522.458,529.208,586.125
1096,update,true,264640249271,264640250207,264640250314,264640260123,39.000,4.458,408.708,413.167,452.167
1097,update,true,264640442063,264640443023,264640443127,264640452510,40.000,4.333,390.958,395.292,435.292
1098,update,true,264640643741,264640645209,264640645387,264640662178,61.167,7.417,699.625,707.042,768.208
1099,update,true,264640839268,264640840196,264640840310,264640850080,38.667,4.750,407.083,411.833,450.500
1100,update,true,264641060292,264641060944,264641061040,264641069224,27.167,4.000,341.000,345.000,372.167
1101,update,true,264641245767,264641247095,264641247265,264641259730,55.333,7.083,519.375,526.458,581.792
1102,update,true,264641467578,264641468870,264641469018,264641483411,53.833,6.167,599.708,605.875,659.708
1103,update,true,264641651629,264641653093,264641653284,264641669946,61.000,7.958,694.250,702.208,763.208
1104,update,true,264641832017,264641832854,264641832966,264641842257,34.875,4.667,387.125,391.792,426.667
1105,update,true,264641962022,264641962723,264641962814,264641973567,29.208,3.792,448.042,451.833,481.042
1106,update,true,264642150680,264642152143,264642152294,264642165483,60.958,6.292,549.542,555.833,616.792
1107,update,true,264642340423,264642341506,264642341652,264642354939,45.125,6.083,553.625,559.708,604.833
1108,update,true,264642527026,264642528068,264642528198,264642540513,43.417,5.417,513.125,518.542,561.958
1109,update,true,264642717895,264642719012,264642719170,264642729024,46.542,6.583,410.583,417.167,463.708
1110,update,true,264642904988,264642905850,264642905962,264642917143,35.917,4.667,465.875,470.542,506.458
1111,update,true,264643097222,264643098232,264643098350,264643108692,42.083,4.917,430.917,435.833,477.917
1112,update,true,264643285546,264643286499,264643286623,264643298741,39.708,5.167,504.917,510.083,549.792
1113,update,true,264643487126,264643488323,264643488472,264643504735,49.875,6.208,677.625,683.833,733.708
1114,update,true,264643666748,264643667759,264643667887,264643677241,42.125,5.333,389.750,395.083,437.208
1115,update,true,264643859766,264643860947,264643861091,264643888037,49.208,6.000,1122.750,1128.750,1177.958
1116,update,true,264644050561,264644051238,264644051342,264644060919,28.208,4.333,399.042,403.375,431.583
1117,update,true,264644277242,264644278445,264644278599,264644292731,50.125,6.417,588.833,595.250,645.375
1118,update,true,264644450068,264644451599,264644451764,264644464173,63.792,6.875,517.042,523.917,587.708
1119,update,true,264644630831,264644632011,264644632136,264644644706,49.167,5.208,523.750,528.958,578.125
1120,update,true,264644841445,264644843134,264644843322,264644857241,70.375,7.833,579.958,587.792,658.167
1121,update,true,264645057589,264645059435,264645059670,264645076494,76.917,9.792,701.000,710.792,787.708
1122,update,true,264645237530,264645238740,264645238896,264645249491,50.417,6.500,441.458,447.958,498.375
1123,update,true,264645445367,264645446439,264645446579,264645457916,44.667,5.833,472.375,478.208,522.875
1124,update,true,264645608796,264645609867,264645610009,264645621171,44.625,5.917,465.083,471.000,515.625
1125,update,true,264645759162,264645760074,264645760198,264645770007,38.000,5.167,408.708,413.875,451.875
1126,update,true,264645950480,264645951621,264645951764,264645959859,47.542,5.958,337.292,343.250,390.792
1127,update,true,264646143878,264646144882,264646145048,264646155884,41.833,6.917,451.500,458.417,500.250
1128,update,true,264646333200,264646333958,264646334055,264646341422,31.583,4.042,306.958,311.000,342.583
1129,update,true,264646519668,264646520355,264646520448,264646527362,28.625,3.875,288.083,291.958,320.583
1130,update,true,264646709043,264646709682,264646709776,264646716852,26.625,3.917,294.833,298.750,325.375
1131,update,true,264646902468,264646903082,264646903172,264646909650,25.583,3.750,269.917,273.667,299.250
1132,update,true,264647097364,264647098181,264647098297,264647108092,34.042,4.833,408.125,412.958,447.000
1133,update,true,264647290593,264647291264,264647291366,264647298488,27.958,4.250,296.750,301.000,328.958
1134,update,true,264647482851,264647483545,264647483639,264647495011,28.917,3.917,473.833,477.750,506.667
1135,update,true,264647680515,264647681056,264647681148,264647691266,22.542,3.833,421.583,425.417,447.958
1136,update,true,264647864111,264647864696,264647864785,264647872307,24.375,3.708,313.417,317.125,341.500
1137,update,true,264648080794,264648081811,264648081955,264648094395,42.375,6.000,518.333,524.333,566.708
1138,update,true,264648246273,264648247757,264648247931,264648259481,61.833,7.250,481.250,488.500,550.333
1139,update,true,264648672479,264648674103,264648674321,264648687429,67.667,9.083,546.167,555.250,622.917
1140,update,true,264648851895,264648853468,264648853633,264648865571,65.542,6.875,497.417,504.292,569.833
1141,update,true,264649041696,264649043839,264649044097,264649061078,89.292,10.750,707.542,718.292,807.583
1142,update,true,264649230062,264649231618,264649231809,264649248370,64.833,7.958,690.042,698.000,762.833
1143,update,true,264649413160,264649414466,264649414641,264649428253,54.417,7.292,567.167,574.458,628.875
1144,update,true,264649561038,264649561703,264649561798,264649569639,27.708,3.958,326.708,330.667,358.375
1145,update,true,264649761515,264649762602,264649762757,264649773113,45.292,6.458,431.500,437.958,483.250
1146,update,true,264649955517,264649956278,264649956391,264649964482,31.708,4.708,337.125,341.833,373.542
1147,update,true,264650149503,264650150355,264650150475,264650158443,35.500,5.000,332.000,337.000,372.500
1148,update,true,264650340152,264650341469,264650341634,264650355494,54.875,6.875,577.500,584.375,639.250
1149,update,true,264650533871,264650535252,264650535420,264650550764,57.542,7.000,639.333,646.333,703.875
1150,update,true,264650717054,264650718473,264650718664,264650731280,59.125,7.958,525.667,533.625,592.750
1151,update,true,264650892365,264650893104,264650893209,264650901062,30.792,4.375,327.208,331.583,362.375
1152,update,true,264651084175,264651085053,264651085174,264651094577,36.583,5.042,391.792,396.833,433.417
1153,update,true,264651283103,264651283974,264651284088,264651294883,36.292,4.750,449.792,454.542,490.833
1154,update,true,264651461352,264651462127,264651462241,264651469894,32.292,4.750,318.875,323.625,355.917
1155,update,true,264651653548,264651654501,264651654635,264651662995,39.708,5.583,348.333,353.917,393.625
1156,update,true,264651844686,264651845644,264651845786,264651854788,39.917,5.917,375.083,381.000,420.917
1157,update,true,264652030735,264652031596,264652031719,264652040295,35.875,5.125,357.333,362.458,398.333
1158,update,true,264652222603,264652223337,264652223440,264652230875,30.583,4.292,309.792,314.083,344.667
1159,update,true,264652416232,264652416991,264652417105,264652425335,31.625,4.750,342.917,347.667,379.292
1160,update,true,264652619003,264652619966,264652620105,264652629841,40.125,5.792,405.667,411.458,451.583
1161,update,true,264652821332,264652822527,264652822704,264652833718,49.792,7.375,458.917,466.292,516.083
1162,update,true,264653032976,264653034336,264653034501,264653046643,56.667,6.875,505.917,512.792,569.458
1163,update,true,264653215440,264653216395,264653216536,264653225942,39.792,5.875,391.917,397.792,437.583
1164,update,true,264653366890,264653367703,264653367809,264653375999,33.875,4.417,341.250,345.667,379.542
1165,update,true,264653559121,264653560088,264653560230,264653571768,40.292,5.917,480.750,486.667,526.958
1166,update,true,264653750162,264653750889,264653751006,264653759399,30.292,4.875,349.708,354.583,384.875
1167,update,true,264653939488,264653940385,264653940507,264653948895,37.375,5.083,349.500,354.583,391.958
1168,update,true,264654144540,264654145193,264654145278,264654151974,27.208,3.542,279.000,282.542,309.750
1169,update,true,264654341796,264654343125,264654343308,264654352922,55.375,7.625,400.583,408.208,463.583
1170,update,true,264654521480,264654522959,264654523159,264654536285,61.625,8.333,546.917,555.250,616.875
1171,update,true,264654704737,264654705485,264654705601,264654714944,31.167,4.833,389.292,394.125,425.292
1172,update,true,264654888601,264654889453,264654889576,264654898094,35.500,5.125,354.917,360.042,395.542
1173,update,true,264655092759,264655093453,264655093562,264655101203,28.917,4.542,318.375,322.917,351.833
1174,update,true,264655283311,264655283905,264655283993,264655293414,24.750,3.667,392.542,396.208,420.958
1175,update,true,264655462824,264655463365,264655463445,264655469466,22.542,3.333,250.875,254.208,276.750
1176,update,true,264655666818,264655667657,264655667776,264655680013,34.958,4.958,509.875,514.833,549.792
1177,update,true,264655859125,264655859693,264655859793,264655866389,23.667,4.167,274.833,279.000,302.667
1178,update,true,264656057088,264656057921,264656058043,264656065728,34.708,5.083,320.208,325.292,360.000
1179,update,true,264656231939,264656233515,264656233690,264656249703,65.667,7.292,667.208,674.500,740.167
1180,update,true,264656447423,264656448207,264656448303,264656456537,32.667,4.000,343.083,347.083,379.750
1181,update,true,264656672824,264656673899,264656674027,264656683867,44.792,5.333,410.000,415.333,460.125
1182,update,true,264656863846,264656864764,264656864865,264656874465,38.250,4.208,400.000,404.208,442.458
1183,update,true,264657030610,264657031710,264657031834,264657042154,45.833,5.167,430.000,435.167,481.000
1184,update,true,264657226076,264657226728,264657226822,264657235214,27.167,3.917,349.667,353.583,380.750
1185,update,true,264657363243,264657364725,264657364842,264657374103,61.750,4.875,385.875,390.750,452.500
1186,update,true,264657562191,264657563070,264657563194,264657571516,36.625,5.167,346.750,351.917,388.542
1187,update,true,264657755236,264657755946,264657756065,264657763779,29.583,4.958,321.417,326.375,355.958
1188,update,true,264657943736,264657944506,264657944621,264657954127,32.083,4.792,396.083,400.875,432.958
1189,update,true,264658137397,264658138676,264658138920,264658151735,53.292,10.167,533.958,544.125,597.417
1190,update,true,264658326582,264658327995,264658328177,264658339699,58.875,7.583,480.083,487.667,546.542
1191,update,true,264658496784,264658497525,264658497629,264658504330,30.875,4.333,279.208,283.542,314.417
1192,update,true,264658686926,264658687707,264658687833,264658698150,32.542,5.250,429.875,435.125,467.667
1193,update,true,264658885205,264658886527,264658886633,264658893471,55.083,4.417,284.917,289.333,344.417
1194,update,true,264659069182,264659069977,264659070087,264659080239,33.125,4.583,423.000,427.583,460.708
1195,update,true,264659257085,264659257795,264659257900,264659265127,29.583,4.375,301.125,305.500,335.083
1196,update,true,264659460687,264659461826,264659461969,264659475537,47.458,5.958,565.333,571.292,618.750
1197,update,true,264661356897,264661358199,264661358384,264661375156,54.250,7.708,698.833,706.542,760.792
1198,update,true,264661548177,264661549278,264661549428,264661562646,45.875,6.250,550.750,557.000,602.875
1199,update,true,264661739597,264661740771,264661740922,264661752872,48.917,6.292,497.917,504.208,553.125
1200,update,true,264661930836,264661931850,264661931971,264661942583,42.250,5.042,442.167,447.208,489.458
1201,update,true,264662115675,264662116906,264662117047,264662130689,51.292,5.875,568.417,574.292,625.583
1202,update,true,264662311346,264662312626,264662312782,264662326718,53.333,6.500,580.667,587.167,640.500
1203,update,true,264662501593,264662502962,264662503134,264662517029,57.042,7.167,578.958,586.125,643.167
1204,update,true,264662690520,264662691734,264662691886,264662705810,50.583,6.333,580.167,586.500,637.083
1205,update,true,264662880142,264662881491,264662881657,264662895539,56.208,6.917,578.417,585.333,641.542
1206,update,true,264663064579,264663065818,264663065965,264663077695,51.625,6.125,488.750,494.875,546.500
1207,update,true,264663266632,264663267492,264663267612,264663278734,35.833,5.000,463.417,468.417,504.250
1208,update,true,264663452924,264663453871,264663453978,264663464486,39.458,4.458,437.833,442.292,481.750
1209,update,true,264663647101,264663648075,264663648199,264663659514,40.583,5.167,471.458,476.625,517.208
1210,update,true,264663854730,264663855668,264663855788,264663867601,39.083,5.000,492.208,497.208,536.292
1211,update,true,264664060088,264664061002,264664061140,264664073142,38.083,5.750,500.083,505.833,543.917
1212,update,true,264664264198,264664264994,264664265113,264664278146,33.167,4.958,543.042,548.000,581.167
1213,update,true,264664455664,264664456687,264664456801,264664468190,42.625,4.750,474.542,479.292,521.917
1214,update,true,264664659172,264664660061,264664660172,264664670437,37.042,4.625,427.708,432.333,469.375
1215,update,true,264664848838,264664849640,264664849749,264664860086,33.417,4.542,430.708,435.250,468.667
1216,update,true,264665051755,264665052416,264665052500,264665061966,27.542,3.500,394.417,397.917,425.458
1217,update,true,264665162410,264665163014,264665163091,264665171539,25.167,3.208,352.000,355.208,380.375
1218,update,true,264665357140,264665357821,264665357912,264665366797,28.375,3.792,370.208,374.000,402.375
1219,update,true,264665547151,264665547886,264665548003,264665558081,30.625,4.875,419.917,424.792,455.417
1220,update,true,264665749917,264665750968,264665751097,264665759783,43.792,5.375,361.917,367.292,411.083
1221,update,true,264665931521,264665932203,264665932296,264665939405,28.417,3.875,296.208,300.083,328.500
1222,update,true,264666117800,264666118919,264666119072,264666129181,46.625,6.375,421.208,427.583,474.208
1223,update,true,264666305314,264666306130,264666306231,264666315112,34.000,4.208,370.042,374.250,408.250
1224,update,true,264666499356,264666499914,264666500019,264666506892,23.250,4.375,286.375,290.750,314.000
1225,update,true,264666688896,264666689483,264666689587,264666700716,24.458,4.333,463.708,468.042,492.500
1226,update,true,264666890840,264666892468,264666892670,264666909879,67.833,8.417,717.042,725.458,793.292
1227,update,true,264667072414,264667073267,264667073396,264667083983,35.542,5.375,441.125,446.500,482.042
1228,update,true,264667256013,264667256864,264667256996,264667265155,35.458,5.500,339.958,345.458,380.917
1229,update,true,264667456605,264667457476,264667457594,264667466337,36.292,4.917,364.292,369.208,405.500
1230,update,true,264667655738,264667656628,264667656783,264667665473,37.083,6.458,362.083,368.542,405.625
1231,update,true,264667879426,264667880713,264667880912,264667895047,53.625,8.292,588.958,597.250,650.875
1232,update,true,264668049463,264668051265,264668051465,264668065886,75.083,8.333,600.875,609.208,684.292
1233,update,true,264668275408,264668277593,264668277765,264668298036,91.042,7.167,844.625,851.792,942.833
1234,update,true,264668474717,264668476726,264668476962,264668496110,83.708,9.833,797.833,807.667,891.375
1235,update,true,264668625760,264668627625,264668627883,264668646711,77.708,10.750,784.500,795.250,872.958
1236,update,true,264668825808,264668827135,264668827337,264668842890,55.292,8.417,648.042,656.458,711.750
1237,update,true,264668954429,264668954990,264668955074,264668965388,23.375,3.500,429.750,433.250,456.625
1238,update,true,264669147966,264669148773,264669148871,264669155729,33.625,4.083,285.750,289.833,323.458
1239,update,true,264669333587,264669334612,264669334719,264669342467,42.708,4.458,322.833,327.292,370.000
1240,update,true,264669527313,264669527987,264669528085,264669535269,28.083,4.083,299.333,303.417,331.500
1241,update,true,264669715322,264669715895,264669715967,264669721583,23.875,3.000,234.000,237.000,260.875
1242,update,true,264669903840,264669904294,264669904361,264669909486,18.917,2.792,213.542,216.333,235.250
1243,update,true,264670095407,264670095965,264670096058,264670102044,23.250,3.875,249.417,253.292,276.542
1244,update,true,264670290125,264670290676,264670290761,264670297370,22.958,3.542,275.375,278.917,301.875
1245,update,true,264670487852,264670488458,264670488551,264670495102,25.250,3.875,272.958,276.833,302.083
1246,update,true,264670680134,264670680649,264670680733,264670688095,21.458,3.500,306.750,310.250,331.708
1247,update,true,264670859832,264670860346,264670860431,264670866724,21.417,3.542,262.208,265.750,287.167
1248,update,true,264676319999,264676323130,264676323487,264676348275,130.458,14.875,1032.833,1047.708,1178.167
1249,update,true,264676478878,264676479980,264676480120,264676490364,45.917,5.833,426.833,432.667,478.583
1250,update,true,264676665619,264676666449,264676666550,264676675793,34.583,4.208,385.125,389.333,423.917
1251,update,true,264676856978,264676857945,264676858087,264676867507,40.292,5.917,392.500,398.417,438.708
1252,update,true,264677052392,264677055656,264677055787,264677066230,136.000,5.458,435.125,440.583,576.583
1253,update,true,264677256331,264677257284,264677257409,264677269614,39.708,5.208,508.542,513.750,553.458
1254,update,true,264677464807,264677466061,264677466214,264677479291,52.250,6.375,544.875,551.250,603.500
1255,update,true,264677650399,264677651392,264677651528,264677664366,41.375,5.667,534.917,540.583,581.958
1256,update,true,264677873323,264677874835,264677875007,264677891946,63.000,7.167,705.792,712.958,775.958
1257,update,true,264678070669,264678072025,264678072181,264678087287,56.500,6.500,629.417,635.917,692.417
1258,update,true,264678252352,264678254644,264678254919,264678275233,95.500,11.458,846.417,857.875,953.375
1259,update,true,264678428888,264678430837,264678431133,264678448946,81.208,12.333,742.208,754.542,835.750
1260,update,true,264678621391,264678622905,264678623078,264678641692,63.083,7.208,775.583,782.792,845.875
1261,update,true,264678758115,264678759451,264678759612,264678775302,55.667,6.708,653.750,660.458,716.125
1262,update,true,264678973242,264678975004,264678975197,264678992849,73.417,8.042,735.500,743.542,816.958
1263,update,true,264679153765,264679155188,264679155368,264679173335,59.292,7.500,748.625,756.125,815.417
1264,update,true,264679346595,264679348016,264679348190,264679367262,59.208,7.250,794.667,801.917,861.125
1265,update,true,264679541533,264679542940,264679543104,264679556815,58.625,6.833,571.292,578.125,636.750
1266,update,true,264679702573,264679703656,264679703791,264679714893,45.125,5.625,462.583,468.208,513.333
1267,update,true,264679888069,264679890279,264679890405,264679901767,92.083,5.250,473.417,478.667,570.750
1268,update,true,264680079419,264680080464,264680080601,264680090531,43.542,5.708,413.750,419.458,463.000
1269,update,true,264680274754,264680275792,264680275912,264680285034,43.250,5.000,380.083,385.083,428.333
1270,update,true,264680462691,264680463648,264680463766,264680473103,39.875,4.917,389.042,393.958,433.833
1271,update,true,264680655456,264680656351,264680656456,264680665496,37.292,4.375,376.667,381.042,418.333
1272,update,true,264680870480,264680871502,264680871640,264680884779,42.583,5.750,547.458,553.208,595.792
1273,update,true,264681076091,264681076641,264681076731,264681086635,22.917,3.750,412.667,416.417,439.333
1274,update,true,264681257202,264681257727,264681257803,264681265610,21.875,3.167,325.292,328.458,350.333
1275,update,true,264681446671,264681447422,264681447518,264681457180,31.292,4.000,402.583,406.583,437.875
1276,update,true,264681663165,264681663950,264681664050,264681673836,32.708,4.167,407.750,411.917,444.625
1277,update,true,264681858340,264681859037,264681859142,264681868998,29.042,4.375,410.667,415.042,444.083
1278,update,true,264682052594,264682053223,264682053311,264682061507,26.208,3.667,341.500,345.167,371.375
1279,update,true,264682253793,264682254420,264682254506,264682262581,26.125,3.583,336.458,340.042,366.167
1280,update,true,264682425683,264682426290,264682426374,264682434462,25.292,3.500,337.000,340.500,365.792
1281,update,true,264682560876,264682561480,264682561575,264682569635,25.167,3.958,335.833,339.792,364.958
1282,update,true,264682750173,264682750858,264682750952,264682760489,28.542,3.917,397.375,401.292,429.833
1283,update,true,264682939223,264682939743,264682939820,264682947740,21.667,3.208,330.000,333.208,354.875
1284,update,true,264683127831,264683128295,264683128372,264683135753,19.333,3.208,307.542,310.750,330.083
1285,update,true,264683314579,264683315111,264683315187,264683322425,22.167,3.167,301.583,304.750,326.917
1286,update,true,264683503253,264683503652,264683503734,264683510852,16.625,3.417,296.583,300.000,316.625
1287,update,true,264683705102,264683705646,264683705733,264683714639,22.667,3.625,371.083,374.708,397.375
1288,update,true,264683894039,264683894493,264683894574,264683904117,18.917,3.375,397.625,401.000,419.917
1289,update,true,264684085316,264684085711,264684085797,264684094629,16.458,3.583,368.000,371.583,388.042
1290,update,true,264684266277,264684266842,264684266921,264684273154,23.542,3.292,259.708,263.000,286.542
1291,update,true,264684457606,264684458140,264684458225,264684466324,22.250,3.542,337.458,341.000,363.250
1292,update,true,264684678402,264684679112,264684679217,264684691987,29.583,4.375,532.083,536.458,566.042
1293,update,true,264684872196,264684873134,264684873286,264684884010,39.083,6.333,446.833,453.167,492.250
1294,update,true,264685051635,264685053091,264685053301,264685070525,60.667,8.750,717.667,726.417,787.083
1295,update,true,264685244595,264685246774,264685247055,264685267969,90.792,11.708,871.417,883.125,973.917
1296,update,true,264685438182,264685440188,264685440426,264685478576,83.583,9.917,1589.583,1599.500,1683.083
1297,update,true,264685622676,264685623626,264685623742,264685632607,39.583,4.833,369.375,374.208,413.792
1298,update,true,264685825100,264685825986,264685826115,264685834493,36.917,5.375,349.083,354.458,391.375
1299,update,true,264686033254,264686033857,264686033936,264686040258,25.125,3.292,263.417,266.708,291.833
1300,update,true,264686167214,264686168004,264686168099,264686175269,32.917,3.958,298.750,302.708,335.625
1301,update,true,264686357076,264686357721,264686357840,264686366516,26.875,4.958,361.500,366.458,393.333
1302,update,true,264686554223,264686554922,264686555041,264686562081,29.125,4.958,293.333,298.292,327.417
1303,update,true,264686747382,264686747999,264686748084,264686754824,25.708,3.542,280.833,284.375,310.083
1304,update,true,264686930143,264686930785,264686930865,264686936860,26.750,3.333,249.792,253.125,279.875
1305,update,true,264687119315,264687119849,264687119945,264687125442,22.250,4.000,229.042,233.042,255.292
1306,update,true,264687308104,264687308598,264687308686,264687314260,20.583,3.667,232.250,235.917,256.500
1307,update,true,264687495611,264687496094,264687496176,264687504742,20.125,3.417,356.917,360.333,380.458
1308,update,true,264687701368,264687702179,264687702298,264687710218,33.792,4.958,330.000,334.958,368.750
1309,update,true,264687885302,264687885831,264687885915,264687893488,22.042,3.500,315.542,319.042,341.083
1310,update,true,264688082820,264688083404,264688083505,264688093257,24.333,4.208,406.333,410.542,434.875
1311,update,true,264688270335,264688270933,264688271024,264688278481,24.917,3.792,310.708,314.500,339.417
1312,update,true,264688455342,264688456004,264688456123,264688463823,27.583,4.958,320.833,325.792,353.375
1313,update,true,264688646221,264688647085,264688647205,264688655475,36.000,5.000,344.583,349.583,385.583
1314,update,true,264688855735,264688856763,264688856880,264688865779,42.833,4.875,370.792,375.667,418.500
1315,update,true,264689048310,264689049207,264689049327,264689058887,37.375,5.000,398.333,403.333,440.708
1316,update,true,264689261376,264689262084,264689262193,264689269564,29.500,4.542,307.125,311.667,341.167
1317,update,true,264689444851,264689446146,264689446237,264689454564,53.958,3.792,346.958,350.750,404.708
1318,update,true,264689662567,264689663408,264689663512,264689671498,35.042,4.333,332.750,337.083,372.125
1319,update,true,264689854468,264689855322,264689855426,264689863870,35.583,4.333,351.833,356.167,391.750
1320,update,true,264690040392,264690041044,264690041127,264690050517,27.167,3.458,391.250,394.708,421.875
1321,update,true,264690162802,264690163571,264690163681,264690174235,32.042,4.583,439.750,444.333,476.375
1322,update,true,264690360105,264690361101,264690361251,264690370709,41.500,6.250,394.083,400.333,441.833
1323,update,true,264690566182,264690567233,264690567383,264690577426,43.792,6.250,418.458,424.708,468.500
1324,update,true,264690754616,264690755464,264690755605,264690764458,35.333,5.875,368.875,374.750,410.083
1325,update,true,264690944724,264690946124,264690946313,264690957427,58.333,7.875,463.083,470.958,529.292
1326,update,true,264691138831,264691140819,264691141072,264691153791,82.833,10.542,529.958,540.500,623.333
1327,update,true,264691319183,264691319880,264691320004,264691329807,29.042,5.167,408.458,413.625,442.667
1328,update,true,264691508205,264691508921,264691509019,264691518420,29.833,4.083,391.708,395.792,425.625
1329,update,true,264691688844,264691689404,264691689485,264691696018,23.333,3.375,272.208,275.583,298.917
1330,update,true,264691882441,264691882925,264691883025,264691892361,20.167,4.167,389.000,393.167,413.333
1331,update,true,264692068921,264692069491,264692069581,264692078997,23.750,3.750,392.333,396.083,419.833
1332,update,true,264692283959,264692285158,264692285321,264692298614,49.958,6.792,553.875,560.667,610.625
1333,update,true,264692491848,264692493644,264692493945,264692513456,74.833,12.542,812.958,825.500,900.333
1334,update,true,264692648030,264692649535,264692649726,264692664514,62.708,7.958,616.167,624.125,686.833
1335,update,true,264692837183,264692839146,264692839405,264692855122,81.792,10.792,654.875,665.667,747.458
1336,update,true,264693049347,264693051265,264693051499,264693068618,79.917,9.750,713.292,723.042,802.958
1337,update,true,264693249362,264693251607,264693251832,264693266168,93.542,9.375,597.333,606.708,700.250
1338,update,true,264693432500,264693434527,264693434761,264693451421,84.458,9.750,694.167,703.917,788.375
1339,update,true,264693666816,264693668141,264693668302,264693681183,55.208,6.708,536.708,543.417,598.625
1340,update,true,264693848162,264693849292,264693849418,264693860697,47.083,5.250,469.958,475.208,522.292
1341,update,true,264693970104,264693971119,264693971245,264693979918,42.292,5.250,361.375,366.625,408.917
1342,update,true,264694159996,264694160780,264694160914,264694169077,32.667,5.583,340.125,345.708,378.375
1343,update,true,264694356110,264694356875,264694356996,264694366356,31.875,5.042,390.000,395.042,426.917
1344,update,true,264694551655,264694552791,264694552936,264694561767,47.333,6.042,367.958,374.000,421.333
1345,update,true,264694732621,264694733440,264694733539,264694741003,34.125,4.125,311.000,315.125,349.250
1346,update,true,264694925077,264694926057,264694926168,264694938219,40.833,4.625,502.125,506.750,547.583
1347,update,true,264695107424,264695108162,264695108266,264695115894,30.750,4.333,317.833,322.167,352.917
1348,update,true,264695294699,264695295230,264695295307,264695302279,22.125,3.208,290.500,293.708,315.833
1349,update,true,264695487594,264695488073,264695488164,264695493750,19.958,3.792,232.750,236.542,256.500
1350,update,true,264695679410,264695679852,264695679921,264695685672,18.417,2.875,239.625,242.500,260.917
1351,update,true,264695871899,264695872430,264695872516,264695879154,22.125,3.583,276.583,280.167,302.292
1352,update,true,264696057699,264696058134,264696058205,264696063448,18.125,2.958,218.458,221.417,239.542
1353,update,true,264696246787,264696247367,264696247461,264696254413,24.167,3.917,289.667,293.583,317.750
1354,update,true,264696448515,264696449022,264696449101,264696455813,21.125,3.292,279.667,282.958,304.083
1355,update,true,264696645178,264696645702,264696645781,264696651751,21.833,3.292,248.750,252.042,273.875
1356,update,true,264696837060,264696837525,264696837609,264696843653,19.375,3.500,251.833,255.333,274.708
1357,update,true,264697056008,264697056484,264697056576,264697062395,19.833,3.833,242.458,246.292,266.125
1358,update,true,264697244205,264697244867,264697244970,264697251803,27.583,4.292,284.708,289.000,316.583
1359,update,true,264697445491,264697446213,264697446306,264697452794,30.083,3.875,270.333,274.208,304.292
1360,update,true,264697636323,264697636905,264697636988,264697643110,24.250,3.458,255.083,258.542,282.792
1361,update,true,264697834248,264697834740,264697834813,264697840769,20.500,3.042,248.167,251.208,271.708
1362,update,true,264697957919,264697958415,264697958495,264697964186,20.667,3.333,237.125,240.458,261.125
1363,update,true,264698150801,264698151253,264698151324,264698156434,18.833,2.958,212.917,215.875,234.708
1364,update,true,264698339127,264698339618,264698339701,264698347489,20.458,3.458,324.500,327.958,348.417
1365,update,true,264698535781,264698536213,264698536290,264698543822,18.000,3.208,313.833,317.042,335.042
1366,update,true,264698727196,264698727677,264698727754,264698735448,20.042,3.208,320.583,323.792,343.833
1367,update,true,264698916300,264698917073,264698917292,264698926493,32.208,9.125,383.375,392.500,424.708
1368,update,true,264699107880,264699109036,264699109201,264699122428,48.167,6.875,551.125,558.000,606.167
1369,update,true,264699303617,264699305072,264699305302,264699322454,60.625,9.583,714.667,724.250,784.875
1370,update,true,264699496719,264699498148,264699498340,264699512682,59.542,8.000,597.583,605.583,665.125
1371,update,true,264699682789,264699683664,264699683797,264699698566,36.458,5.542,615.375,620.917,657.375
1372,update,true,264699891670,264699892891,264699893117,264699908377,50.875,9.417,635.833,645.250,696.125
1373,update,true,264700245463,264700247355,264700247555,264700264047,78.833,8.333,687.167,695.500,774.333
1374,update,true,264700441709,264700443571,264700443755,264700462929,77.583,7.667,798.917,806.583,884.167
1375,update,true,264700656254,264700657677,264700657840,264700672670,59.292,6.792,617.917,624.708,684.000
1376,update,true,264700852333,264700853389,264700853498,264700864798,44.000,4.542,470.833,475.375,519.375
1377,update,true,264701049422,264701050420,264701050556,264701061667,41.583,5.667,462.958,468.625,510.208
1378,update,true,264701255167,264701256053,264701256168,264701265879,36.917,4.792,404.625,409.417,446.333
1379,update,true,264701453730,264701454473,264701454568,264701462939,30.958,3.958,348.792,352.750,383.708
1380,update,true,264701637155,264701637791,264701637869,264701646498,26.500,3.250,359.542,362.792,389.292
1381,update,true,264701758085,264701758569,264701758649,264701765758,20.167,3.333,296.208,299.542,319.708
1382,update,true,264701953117,264701953641,264701953731,264701959426,21.833,3.750,237.292,241.042,262.875
1383,update,true,264702152402,264702153196,264702153305,264702160859,33.083,4.542,314.750,319.292,352.375
1384,update,true,264702343669,264702344646,264702344766,264702352887,40.708,5.000,338.375,343.375,384.083
1385,update,true,264702532034,264702533079,264702533218,264702541971,43.542,5.792,364.708,370.500,414.042
1386,update,true,264702726577,264702728108,264702728333,264702736921,63.792,9.375,357.833,367.208,431.000
1387,update,true,264702909815,264702910962,264702911113,264702923507,47.792,6.292,516.417,522.708,570.500
1388,update,true,264703110392,264703112173,264703112327,264703125177,74.208,6.417,535.417,541.833,616.042
1389,update,true,264703297774,264703299076,264703299237,264703313115,54.250,6.708,578.250,584.958,639.208
1390,update,true,264703491177,264703492415,264703492622,264703508221,51.583,8.625,649.958,658.583,710.167
1391,update,true,264703690770,264703692327,264703692556,264703710972,64.875,9.542,767.333,776.875,841.750
1392,update,true,264703868899,264703870339,264703870534,264703888290,60.000,8.125,739.833,747.958,807.958
1393,update,true,264704056717,264704058086,264704058273,264704071419,57.042,7.792,547.750,555.542,612.583
1394,update,true,264704250895,264704252452,264704252650,264704271100,64.875,8.250,768.750,777.000,841.875
1395,update,true,264704454169,264704455801,264704456005,264704470361,68.000,8.500,598.167,606.667,674.667
1396,update,true,264704640612,264704642679,264704642872,264704662340,86.125,8.042,811.167,819.208,905.333
1397,update,true,264704845663,264704847727,264704848005,264704866008,86.000,11.583,750.125,761.708,847.708
1398,update,true,264705028885,264705030445,264705030619,264705042848,65.000,7.250,509.542,516.792,581.792
1399,update,true,264705225000,264705226296,264705226443,264705237891,54.000,6.125,477.000,483.125,537.125
1400,update,true,264705412916,264705414517,264705414653,264705426396,66.708,5.667,489.292,494.958,561.667
1401,update,true,264705565283,264705566275,264705566409,264705575648,41.333,5.583,384.958,390.542,431.875
1402,update,true,264705759484,264705760557,264705760710,264705771754,44.708,6.375,460.167,466.542,511.250
1403,update,true,264705948142,264705949164,264705949300,264705958670,42.583,5.667,390.417,396.083,438.667
1404,update,true,264706143029,264706144307,264706144464,264706156750,53.250,6.542,511.917,518.458,571.708
1405,update,true,264706344673,264706346431,264706346631,264706360339,73.250,8.333,571.167,579.500,652.750
1406,update,true,264706536074,264706537566,264706537741,264706553522,62.167,7.292,657.542,664.833,727.000
1407,update,true,264706740278,264706742358,264706742582,264706759181,86.667,9.333,691.625,700.958,787.625
1408,update,true,264706914125,264706915995,264706916214,264706930305,77.917,9.125,587.125,596.250,674.167
1409,update,true,264707104970,264707107159,264707107379,264707122277,91.208,9.167,620.750,629.917,721.125
1410,update,true,264707280666,264707281286,264707281381,264707290712,25.833,3.958,388.792,392.750,418.583
1411,update,true,264707470576,264707471187,264707471279,264707478543,25.458,3.833,302.667,306.500,331.958
1412,update,true,264707656005,264707656667,264707656767,264707663863,27.583,4.167,295.667,299.833,327.417
1413,update,true,264707845926,264707846639,264707846744,264707853984,29.708,4.375,301.667,306.042,335.750
1414,update,true,264708039274,264708039882,264708039974,264708046808,25.333,3.833,284.750,288.583,313.917
1415,update,true,264708230925,264708231611,264708231701,264708238839,28.583,3.750,297.417,301.167,329.750
1416,update,true,264708435302,264708436003,264708436106,264708443349,29.208,4.292,301.792,306.083,335.292
1417,update,true,264708662093,264708663271,264708663425,264708673547,49.083,6.417,421.750,428.167,477.250
1418,update,true,264708848930,264708850267,264708850435,264708861531,55.708,7.000,462.333,469.333,525.042
1419,update,true,264709062129,264709063164,264709063309,264709072529,43.125,6.042,384.167,390.208,433.333
1420,update,true,264709244020,264709245139,264709245263,264709254605,46.625,5.167,389.250,394.417,441.042
1421,update,true,264709431825,264709433458,264709433665,264709447170,68.042,8.625,562.708,571.333,639.375
1422,update,true,264709562852,264709565382,264709565514,264709575650,105.417,5.500,422.333,427.833,533.250
1423,update,true,264709753431,264709754337,264709754470,264709765729,37.750,5.542,469.125,474.667,512.417
1424,update,true,264709946472,264709947775,264709947959,264709959742,54.292,7.667,490.958,498.625,552.917
1425,update,true,264710150492,264710152343,264710152582,264710166902,77.125,9.958,596.667,606.625,683.750
1426,update,true,264710347324,264710350745,264710350960,264710366233,142.542,8.958,636.375,645.333,787.875
1427,update,true,264710518225,264710519184,264710519294,264710527497,39.958,4.583,341.792,346.375,386.333
1428,update,true,264710698301,264710699153,264710699263,264710706800,35.500,4.583,314.042,318.625,354.125
1429,update,true,264710888633,264710890059,264710890163,264710897277,59.417,4.333,296.417,300.750,360.167
1430,update,true,264711082487,264711083255,264711083378,264711094365,32.000,5.125,457.792,462.917,494.917
1431,update,true,264711267673,264711268425,264711268532,264711278369,31.333,4.458,409.875,414.333,445.667
1432,update,true,264711458555,264711459465,264711459603,264711467990,37.917,5.750,349.458,355.208,393.125
1433,update,true,264711650993,264711652375,264711652535,264711661495,57.583,6.667,373.333,380.000,437.583
1434,update,true,264711837400,264711838431,264711838562,264711847729,42.958,5.458,381.958,387.417,430.375
1435,update,true,264712046603,264712047163,264712047255,264712054609,23.333,3.833,306.417,310.250,333.583
1436,update,true,264712249359,264712250089,264712250199,264712257744,30.417,4.583,314.375,318.958,349.375
1437,update,true,264712474370,264712475193,264712475317,264712483454,34.292,5.167,339.042,344.208,378.500
1438,update,true,264712651586,264712652435,264712652548,264712661569,35.375,4.708,375.875,380.583,415.958
1439,update,true,264712874533,264712875244,264712875340,264712882565,29.625,4.000,301.042,305.042,334.667
1440,update,true,264713042300,264713042999,264713043089,264713050045,29.125,3.750,289.833,293.583,322.708
1441,update,true,264713231500,264713231998,264713232084,264713238733,20.750,3.583,277.042,280.625,301.375
1442,update,true,264713363247,264713363890,264713363971,264713370529,26.792,3.375,273.250,276.625,303.417
1443,update,true,264713558689,264713559350,264713559446,264713566439,27.542,4.000,291.375,295.375,322.917
1444,update,true,264713746796,264713747703,264713747806,264713756207,37.792,4.292,350.042,354.333,392.125
1445,update,true,264713950721,264713951658,264713951778,264713961007,39.042,5.000,384.542,389.542,428.583
1446,update,true,264714142937,264714144249,264714144390,264714153962,54.667,5.875,398.833,404.708,459.375
1447,update,true,264714320872,264714321740,264714321855,264714331838,36.167,4.792,415.958,420.750,456.917
1448,update,true,264714522360,264714523661,264714523836,264714534548,54.208,7.292,446.333,453.625,507.833
1449,update,true,264714695278,264714695760,264714695828,264714701098,20.083,2.833,219.583,222.417,242.500
1450,update,true,264714882994,264714883445,264714883517,264714891719,18.792,3.000,341.750,344.750,363.542
1451,update,true,264715081928,264715082519,264715082597,264715092575,24.625,3.250,415.750,419.000,443.625
1452,update,true,264715272242,264715272760,264715272841,264715280803,21.583,3.375,331.750,335.125,356.708
1453,update,true,264715464360,264715464949,264715465025,264715471508,24.542,3.167,270.125,273.292,297.833
1454,update,true,264715662731,264715663438,264715663545,264715670695,29.458,4.458,297.917,302.375,331.833
1455,update,true,264715864797,264715865524,264715865626,264715875358,30.292,4.250,405.500,409.750,440.042
1456,update,true,264716060208,264716060994,264716061080,264716068547,32.750,3.583,311.125,314.708,347.458
1457,update,true,264716245479,264716247082,264716247264,264716260717,66.792,7.583,560.542,568.125,634.917
1458,update,true,264716508986,264716510803,264716511028,264716524282,75.708,9.375,552.250,561.625,637.333
1459,update,true,264716643997,264716645143,264716645300,264716657475,47.750,6.542,507.292,513.833,561.583
1460,update,true,264716852387,264716854049,264716854224,264716865485,69.250,7.292,469.208,476.500,545.750
1461,update,true,264717018448,264717019883,264717020060,264717035087,59.792,7.375,626.125,633.500,693.292
1462,update,true,264717167012,264717167987,264717168113,264717178413,40.625,5.250,429.167,434.417,475.042
1463,update,true,264717358810,264717359522,264717359648,264717368462,29.667,5.250,367.250,372.500,402.167
1464,update,true,264717558394,264717559184,264717559314,264717567904,32.917,5.417,357.917,363.333,396.250
1465,update,true,264717751712,264717752482,264717752601,264717760538,32.083,4.958,330.708,335.667,367.750
1466,update,true,264717937488,264717937925,264717938011,264717943964,18.208,3.583,248.042,251.625,269.833
1467,update,true,264718116627,264718117145,264718117232,264718122630,21.583,3.625,224.917,228.542,250.125
1468,update,true,264718307938,264718308399,264718308487,264718314190,19.208,3.667,237.625,241.292,260.500
1469,update,true,264718503993,264718505021,264718505103,264718511282,42.833,3.417,257.458,260.875,303.708
1470,update,true,264718696362,264718697163,264718697269,264718705150,33.375,4.417,328.375,332.792,366.167
1471,update,true,264718894929,264718896341,264718896509,264718910455,58.833,7.000,581.083,588.083,646.917
1472,update,true,264719091547,264719092427,264719092584,264719103908,36.667,6.542,471.833,478.375,515.042
1473,update,true,264719264503,264719265527,264719265665,264719277762,42.667,5.750,504.042,509.792,552.458
1474,update,true,264719467499,264719468807,264719469041,264719484491,54.500,9.750,643.750,653.500,708.000
1475,update,true,264719663668,264719664531,264719664703,264719676592,35.958,7.167,495.375,502.542,538.500
1476,update,true,264719852276,264719852978,264719853624,264719863095,29.250,26.917,394.625,421.542,450.792
1477,update,true,264720065931,264720066743,264720066847,264720077913,33.833,4.333,461.083,465.417,499.250
1478,update,true,264720240669,264720241587,264720241708,264720252658,38.250,5.042,456.250,461.292,499.542
1479,update,true,264720451025,264720451846,264720451946,264720462296,34.208,4.167,431.250,435.417,469.625
1480,update,true,264720658123,264720659069,264720659179,264720669278,39.417,4.583,420.792,425.375,464.792
1481,update,true,264720853763,264720854659,264720854770,264720864662,37.333,4.625,412.167,416.792,454.125
1482,update,true,264721020289,264721021420,264721021578,264721038716,47.125,6.583,714.083,720.667,767.792
1483,update,true,264721161514,264721162207,264721162304,264721171955,28.875,4.042,402.125,406.167,435.042
1484,update,true,264721350582,264721351667,264721351973,264721362697,45.208,12.750,446.833,459.583,504.792
1485,update,true,264721541116,264721542118,264721542266,264721552425,41.750,6.167,423.292,429.458,471.208
1486,update,true,264721740314,264721741522,264721741655,264721753470,50.333,5.542,492.292,497.833,548.167
1487,update,true,264721929173,264721930033,264721930133,264721940106,35.833,4.167,415.542,419.708,455.542
1488,update,true,264722110637,264722111303,264722111414,264722122297,27.750,4.625,453.458,458.083,485.833
1489,update,true,264722305705,264722306407,264722306497,264722315292,29.250,3.750,366.458,370.208,399.458
1490,update,true,264722492066,264722492527,264722492599,264722500088,19.208,3.000,312.042,315.042,334.250
1491,update,true,264722686574,264722687171,264722687268,264722697093,24.875,4.042,409.375,413.417,438.292
1492,update,true,264722882584,264722883146,264722883232,264722890789,23.417,3.583,314.875,318.458,341.875
1493,update,true,264723063517,264723064023,264723064114,264723072824,21.083,3.792,362.917,366.708,387.792
1494,update,true,264723256931,264723257510,264723257603,264723266446,24.125,3.875,368.458,372.333,396.458
1495,update,true,264723455684,264723456424,264723456520,264723465545,30.833,4.000,376.042,380.042,410.875
1496,update,true,264723649517,264723650321,264723650440,264723659771,33.500,4.958,388.792,393.750,427.250
1497,update,true,264723862520,264723863207,264723863303,264723873063,28.625,4.000,406.667,410.667,439.292
1498,update,true,264724045841,264724046606,264724046690,264724055158,31.875,3.500,352.833,356.333,388.208
1499,update,true,264724250907,264724251606,264724251696,264724258371,29.125,3.750,278.125,281.875,311.000
1500,update,true,264724476423,264724477150,264724477243,264724485078,30.292,3.875,326.458,330.333,360.625
1501,update,true,264724637108,264724637788,264724637891,264724645417,28.333,4.292,313.583,317.875,346.208
1502,update,true,264724840191,264724840749,264724840831,264724847417,23.250,3.417,274.417,277.833,301.083
1503,update,true,264724965444,264724965946,264724966015,264724971566,20.917,2.875,231.292,234.167,255.083
1504,update,true,264725155869,264725156481,264725156560,264725162859,25.500,3.292,262.458,265.750,291.250
1505,update,true,264725347410,264725348020,264725348122,264725355191,25.417,4.250,294.542,298.792,324.208
1506,update,true,264725554905,264725555915,264725556045,264725569092,42.083,5.417,543.625,549.042,591.125
1507,update,true,264725735605,264725736407,264725736519,264725746304,33.417,4.667,407.708,412.375,445.792
1508,update,true,264725923230,264725924582,264725924770,264725937010,56.333,7.833,510.000,517.833,574.167
1509,update,true,264726126112,264726126983,264726127102,264726135357,36.292,4.958,343.958,348.917,385.208
1510,update,true,264726302495,264726304030,264726304179,264726315034,63.958,6.208,452.292,458.500,522.458
1511,update,true,264726497071,264726498115,264726498246,264726511293,43.500,5.458,543.625,549.083,592.583
1512,update,true,264726687148,264726687636,264726687712,264726696290,20.333,3.167,357.417,360.583,380.917
1513,update,true,264726875168,264726876222,264726876374,264726888095,43.917,6.333,488.375,494.708,538.625
1514,update,true,264727261824,264727263104,264727263265,264727274788,53.333,6.708,480.125,486.833,540.167
1515,update,true,264727442145,264727443549,264727443717,264727458136,58.500,7.000,600.792,607.792,666.292
1516,update,true,264727631430,264727632853,264727633033,264727647136,59.292,7.500,587.625,595.125,654.417
1517,update,true,264728039567,264728041185,264728041428,264728058342,67.417,10.125,704.750,714.875,782.292
1518,update,true,264728065957,264728066442,264728066519,264728084047,20.208,3.208,730.333,733.542,753.750
1519,update,true,264728231621,264728233032,264728233237,264728246670,58.792,8.542,559.708,568.250,627.042
1520,update,true,264728449235,264728450334,264728450438,264728459293,45.792,4.333,368.958,373.292,419.083
1521,update,true,264728613430,264728614691,264728614839,264728629218,52.542,6.167,599.125,605.292,657.833
1522,update,true,264728759392,264728760130,264728760243,264728768405,30.750,4.708,340.083,344.792,375.542
1523,update,true,264728969367,264728970246,264728970391,264728978728,36.625,6.042,347.375,353.417,390.042
1524,update,true,264729151450,264729152191,264729152285,264729159610,30.875,3.917,305.208,309.125,340.000
1525,update,true,264729348414,264729349301,264729349412,264729357768,36.958,4.625,348.167,352.792,389.750
1526,update,true,264729538432,264729539010,264729539101,264729545684,24.083,3.792,274.292,278.083,302.167
1527,update,true,264729728260,264729729042,264729729119,264729734995,32.583,3.208,244.833,248.042,280.625
1528,update,true,264729919400,264729920781,264729920904,264729929943,57.542,5.125,376.625,381.750,439.292
1529,update,true,264730109885,264730111003,264730111169,264730124400,46.583,6.917,551.292,558.208,604.792
1530,update,true,264730296877,264730297966,264730298094,264730308659,45.375,5.333,440.208,445.542,490.917
1531,update,true,264730487390,264730488381,264730488528,264730500775,41.292,6.125,510.292,516.417,557.708
1532,update,true,264730691431,264730692532,264730692722,264730706580,45.875,7.917,577.417,585.333,631.208
1533,update,true,264730888541,264730890037,264730890230,264730906052,62.333,8.042,659.250,667.292,729.625
1534,update,true,264731043094,264731043786,264731043904,264731051103,28.833,4.917,299.958,304.875,333.708
1535,update,true,264731247339,264731248187,264731248315,264731257412,35.333,5.333,379.042,384.375,419.708
1536,update,true,264731469186,264731470092,264731470224,264731478227,37.750,5.500,333.458,338.958,376.708
1537,update,true,264731668306,264731669242,264731669371,264731678588,39.000,5.375,384.042,389.417,428.417
1538,update,true,264731827211,264731828693,264731828865,264731839115,61.750,7.167,427.083,434.250,496.000
1539,update,true,264732073000,264732073723,264732073820,264732081441,30.125,4.042,317.542,321.583,351.708
1540,update,true,264732232312,264732233422,264732233587,264732242760,46.250,6.875,382.208,389.083,435.333
1541,update,true,264732450485,264732452017,264732452224,264732465802,63.833,8.625,565.750,574.375,638.208
1542,update,true,264732604643,264732605783,264732605917,264732615825,47.500,5.583,412.833,418.417,465.917
1543,update,true,264732757344,264732758083,264732758201,264732765969,30.792,4.917,323.667,328.583,359.375
1544,update,true,264732943850,264732944595,264732944706,264732951782,31.042,4.625,294.833,299.458,330.500
1545,update,true,264733131336,264733132074,264733132169,264733139133,30.750,3.958,290.167,294.125,324.875
1546,update,true,264733321006,264733321695,264733321790,264733328321,28.708,3.958,272.125,276.083,304.792
1547,update,true,264733519667,264733520358,264733520449,264733526956,28.792,3.792,271.125,274.917,303.708
1548,update,true,264733706717,264733707296,264733707388,264733713980,24.125,3.833,274.667,278.500,302.625
1549,update,true,264733896905,264733897391,264733897463,264733903705,20.250,3.000,260.083,263.083,283.333
1550,update,true,264734092999,264734093739,264734093827,264734101981,30.833,3.667,339.750,343.417,374.250
1551,update,true,264734281963,264734282615,264734282711,264734291708,27.167,4.000,374.875,378.875,406.042
1552,update,true,264734470526,264734471071,264734471155,264734478448,22.708,3.500,303.875,307.375,330.083
1553,update,true,264734664029,264734664564,264734664659,264734673526,22.292,3.958,369.458,373.417,395.708
1554,update,true,264734859562,264734860316,264734860419,264734868555,31.417,4.292,339.000,343.292,374.708
1555,update,true,264735043222,264735043938,264735044039,264735050835,29.833,4.208,283.167,287.375,317.208
1556,update,true,264735250648,264735251375,264735251494,264735258763,30.292,4.958,302.875,307.833,338.125
1557,update,true,264735444856,264735445835,264735445949,264735455153,40.792,4.750,383.500,388.250,429.042
1558,update,true,264735650015,264735650637,264735650736,264735658815,25.917,4.125,336.625,340.750,366.667
1559,update,true,264735840866,264735841542,264735841653,264735848809,28.167,4.625,298.167,302.792,330.958
1560,update,true,264736070849,264736071587,264736071701,264736078967,30.750,4.750,302.750,307.500,338.250
1561,update,true,264736246287,264736247284,264736247440,264736257446,41.542,6.500,416.917,423.417,464.958
1562,update,true,264736449875,264736450843,264736450958,264736459864,40.333,4.792,371.083,375.875,416.208
1563,update,true,264736562397,264736563081,264736563196,264736570650,28.500,4.792,310.583,315.375,343.875
1564,update,true,264736753066,264736753875,264736754000,264736768489,33.708,5.208,603.708,608.917,642.625
1565,update,true,264736953560,264736954403,264736954527,264736963478,35.125,5.167,372.958,378.125,413.250
1566,update,true,264737139929,264737140636,264737140744,264737148222,29.458,4.500,311.583,316.083,345.542
1567,update,true,264737332836,264737333416,264737333506,264737339584,24.167,3.750,253.250,257.000,281.167
1568,update,true,264737514113,264737514777,264737514874,264737522432,27.667,4.042,314.917,318.958,346.625
1569,update,true,264737719065,264737719954,264737720056,264737727556,37.042,4.250,312.500,316.750,353.792
1570,update,true,264737899119,264737899730,264737899819,264737906645,25.458,3.708,284.417,288.125,313.583
1571,update,true,264738087727,264738088431,264738088536,264738096054,29.333,4.375,313.250,317.625,346.958
1572,update,true,264738273895,264738274294,264738274360,264738281329,16.625,2.750,290.375,293.125,309.750
1573,update,true,264738466819,264738467360,264738467457,264738477323,22.542,4.042,411.083,415.125,437.667
1574,update,true,264738656795,264738657429,264738657531,264738664532,26.417,4.250,291.708,295.958,322.375
1575,update,true,264738853919,264738854615,264738854729,264738861910,29.000,4.750,299.208,303.958,332.958
1576,update,true,264739063205,264739064045,264739064166,264739074924,35.000,5.042,448.250,453.292,488.292
1577,update,true,264739257830,264739258591,264739258704,264739269063,31.708,4.708,431.625,436.333,468.042
1578,update,true,264739470583,264739471474,264739471623,264739482572,37.125,6.208,456.208,462.417,499.542
1579,update,true,264739666378,264739667119,264739667240,264739678550,30.875,5.042,471.250,476.292,507.167
1580,update,true,264739859628,264739860469,264739860594,264739869102,35.042,5.208,354.500,359.708,394.750
1581,update,true,264740220227,264740221522,264740221682,264740233916,53.958,6.667,509.750,516.417,570.375
1582,update,true,264740481829,264740483346,264740483521,264740499528,63.208,7.292,666.958,674.250,737.458
1583,update,true,264740574564,264740575647,264740575778,264740586347,45.125,5.458,440.375,445.833,490.958
1584,update,true,264740749188,264740749891,264740749989,264740757957,29.292,4.083,332.000,336.083,365.375
1585,update,true,264740940056,264740940901,264740941033,264740949917,35.208,5.500,370.167,375.667,410.875
1586,update,true,264741128528,264741129661,264741129806,264741138578,47.208,6.042,365.500,371.542,418.750
1587,update,true,264741328728,264741330535,264741330703,264741344790,75.292,7.000,586.958,593.958,669.250
1588,update,true,264741519667,264741521009,264741521235,264741535528,55.917,9.417,595.542,604.958,660.875
1589,update,true,264741717299,264741719334,264741719518,264741732976,84.792,7.667,560.750,568.417,653.208
1590,update,true,264741900309,264741901487,264741901627,264741917123,49.083,5.833,645.667,651.500,700.583
1591,update,true,264742100632,264742101862,264742102053,264742118005,51.250,7.958,664.667,672.625,723.875
1592,update,true,264742286202,264742286737,264742286844,264742296543,22.292,4.458,404.125,408.583,430.875
1593,update,true,264742467227,264742467958,264742468061,264742475109,30.458,4.292,293.667,297.958,328.417
1594,update,true,264742847158,264742848279,264742848449,264742861031,46.708,7.083,524.250,531.333,578.042
1595,update,true,264742873450,264742873900,264742873979,264742879893,18.750,3.292,246.417,249.708,268.458
1596,update,true,264743049122,264743049651,264743049747,264743057662,22.042,4.000,329.792,333.792,355.833
1597,update,true,264743259320,264743259773,264743259846,264743267021,18.875,3.042,298.958,302.000,320.875
1598,update,true,264743449238,264743449730,264743449805,264743457044,20.500,3.125,301.625,304.750,325.250
1599,update,true,264743657695,264743658232,264743658311,264743665870,22.375,3.292,314.958,318.250,340.625
1600,update,true,264743842910,264743843455,264743843529,264743848757,22.708,3.083,217.833,220.917,243.625
1601,update,true,264744034999,264744035458,264744035526,264744044031,19.125,2.833,354.375,357.208,376.333
1602,update,true,264744206221,264744207128,264744207243,264744216895,37.792,4.792,402.167,406.958,444.750
1603,update,true,264744354695,264744355202,264744355284,264744362544,21.125,3.417,302.500,305.917,327.042
1604,update,true,264744547883,264744548638,264744548751,264744558144,31.458,4.708,391.375,396.083,427.542
1605,update,true,264744738871,264744739400,264744739481,264744747303,22.042,3.375,325.917,329.292,351.333
1606,update,true,264744930686,264744931624,264744931746,264744943012,39.083,5.083,469.417,474.500,513.583
1607,update,true,264745124838,264745125929,264745126071,264745139620,45.458,5.917,564.542,570.458,615.917
1608,update,true,264745315567,264745316852,264745317008,264745330063,53.542,6.500,543.958,550.458,604.000
1609,update,true,264745504008,264745504978,264745505115,264745518904,40.417,5.708,574.542,580.250,620.667
1610,update,true,264745694803,264745695733,264745695877,264745710892,38.750,6.000,625.625,631.625,670.375
1611,update,true,264745886330,264745887551,264745887729,264745903281,50.875,7.417,648.000,655.417,706.292
1612,update,true,264746087492,264746088414,264746088581,264746103794,38.417,6.958,633.875,640.833,679.250
1613,update,true,264746274590,264746275754,264746275938,264746288801,48.500,7.667,535.958,543.625,592.125
1614,update,true,264746463424,264746464860,264746465079,264746479508,59.833,9.125,601.208,610.333,670.167
1615,update,true,264746652013,264746653860,264746654059,264746670216,76.958,8.292,673.208,681.500,758.458
1616,update,true,264746827195,264746828306,264746828440,264746838047,46.292,5.583,400.292,405.875,452.167
1617,update,true,264747019749,264747020543,264747020665,264747028696,33.083,5.083,334.625,339.708,372.792
1618,update,true,264747222899,264747223671,264747223787,264747231676,32.167,4.833,328.708,333.542,365.708
1619,update,true,264747419176,264747420062,264747420190,264747428159,36.917,5.333,332.042,337.375,374.292
1620,update,true,264747624253,264747625356,264747625492,264747634202,45.958,5.667,362.917,368.583,414.542
1621,update,true,264747815653,264747816840,264747816983,264747826704,49.458,5.958,405.042,411.000,460.458
1622,update,true,264747970082,264747971066,264747971185,264747980273,41.000,4.958,378.667,383.625,424.625
1623,update,true,264748161371,264748162445,264748162588,264748171913,44.750,5.958,388.542,394.500,439.250
1624,update,true,264748353638,264748354870,264748355026,264748366636,51.333,6.500,483.750,490.250,541.583
1625,update,true,264748539472,264748540268,264748540390,264748548477,33.167,5.083,336.958,342.042,375.208
1626,update,true,264748728554,264748729317,264748729420,264748737009,31.792,4.292,316.208,320.500,352.292
1627,update,true,264748916838,264748917626,264748917732,264748924662,32.833,4.417,288.750,293.167,326.000
1628,update,true,264749110987,264749111980,264749112112,264749122084,41.375,5.500,415.500,421.000,462.375
1629,update,true,264749306772,264749307844,264749307992,264749318603,44.667,6.167,442.125,448.292,492.958
1630,update,true,264749495523,264749498057,264749498244,264749511305,105.583,7.792,544.208,552.000,657.583
1631,update,true,264749682738,264749683644,264749683762,264749695274,37.750,4.917,479.667,484.583,522.333
1632,update,true,264749872240,264749872863,264749872949,264749882695,25.958,3.583,406.083,409.667,435.625
1633,update,true,264750078156,264750078774,264750078860,264750086404,25.750,3.583,314.333,317.917,343.667
1634,update,true,264750265999,264750266553,264750266638,264750275726,23.083,3.542,378.667,382.208,405.292
1635,update,true,264750449091,264750449747,264750449843,264750456949,27.333,4.000,296.083,300.083,327.417
1636,update,true,264750646690,264750647383,264750647469,264750654689,28.875,3.583,300.833,304.417,333.292
1637,update,true,264750841798,264750842431,264750842518,264750849259,26.375,3.625,280.875,284.500,310.875
1638,update,true,264751060082,264751060637,264751060718,264751066753,23.125,3.375,251.458,254.833,277.958
1639,update,true,264751262198,264751262751,264751262840,264751268823,23.042,3.708,249.292,253.000,276.042
1640,update,true,264751454247,264751454988,264751455078,264751462989,30.875,3.750,329.625,333.375,364.250
1641,update,true,264751642938,264751643506,264751643596,264751651718,23.667,3.750,338.417,342.167,365.833
1642,update,true,264751841154,264751841820,264751841906,264751849048,27.750,3.583,297.583,301.167,328.917
1643,update,true,264751961845,264751962412,264751962503,264751969239,23.625,3.792,280.667,284.458,308.083
1644,update,true,264752158417,264752159051,264752159154,264752165935,26.417,4.292,282.542,286.833,313.250
1645,update,true,264752349356,264752349920,264752350004,264752356644,23.500,3.500,276.667,280.167,303.667
1646,update,true,264752542948,264752543547,264752543635,264752550524,24.958,3.667,287.042,290.708,315.667
1647,update,true,264752735634,264752736140,264752736224,264752742035,21.083,3.500,242.125,245.625,266.708
1648,update,true,264752926537,264752927185,264752927286,264752933704,27.000,4.208,267.417,271.625,298.625
1649,update,true,264753115540,264753116005,264753116079,264753124221,19.375,3.083,339.250,342.333,361.708
1650,update,true,264753301754,264753302325,264753302418,264753309195,23.792,3.875,282.375,286.250,310.042
1651,update,true,264753490929,264753491439,264753491541,264753499917,21.250,4.250,349.000,353.250,374.500
1652,update,true,264753687609,264753688360,264753688492,264753699562,31.292,5.500,461.250,466.750,498.042
1653,update,true,264753885623,264753886348,264753886466,264753898590,30.208,4.917,505.167,510.083,540.292
1654,update,true,264754064913,264754065551,264754065650,264754074800,26.583,4.125,381.250,385.375,411.958
1655,update,true,264754258326,264754259090,264754259193,264754267568,31.833,4.292,348.958,353.250,385.083
1656,update,true,264754448201,264754448929,264754449024,264754457697,30.333,3.958,361.375,365.333,395.667
1657,update,true,264754644897,264754645704,264754645814,264754654696,33.625,4.583,370.083,374.667,408.292
1658,update,true,264754853383,264754854221,264754854314,264754862877,34.917,3.875,356.792,360.667,395.583
1659,update,true,264755047222,264755048049,264755048156,264755056885,34.458,4.458,363.708,368.167,402.625
1660,update,true,264755237947,264755238711,264755238805,264755246618,31.833,3.917,325.542,329.458,361.292
1661,update,true,264755438444,264755439192,264755439286,264755446670,31.167,3.917,307.667,311.583,342.750
1662,update,true,264755642489,264755642981,264755643072,264755650209,20.500,3.792,297.375,301.167,321.667
1663,update,true,264755764464,264755765004,264755765092,264755771290,22.500,3.667,258.250,261.917,284.417
1664,update,true,264755952840,264755953343,264755953420,264755959228,20.958,3.208,242.000,245.208,266.167
1665,update,true,264756152048,264756152796,264756152897,264756163860,31.167,4.208,456.792,461.000,492.167
1666,update,true,264756348150,264756348938,264756349064,264756359075,32.833,5.250,417.125,422.375,455.208
1667,update,true,264756546158,264756547178,264756547294,264756558732,42.500,4.833,476.583,481.417,523.917
1668,update,true,264756733918,264756735140,264756735319,264756750017,50.917,7.458,612.417,619.875,670.792
1669,update,true,264756920964,264756922447,264756922932,264756936735,61.792,20.208,575.125,595.333,657.125
1670,update,true,264757107752,264757109267,264757109413,264757122616,63.125,6.083,550.125,556.208,619.333
1671,update,true,264757302240,264757303525,264757303675,264757316262,53.542,6.250,524.458,530.708,584.250
1672,update,true,264757490520,264757491591,264757491743,264757503938,44.625,6.333,508.125,514.458,559.083
1673,update,true,264757684070,264757686583,264757686764,264757705413,104.708,7.542,777.042,784.583,889.292
1674,update,true,264757872151,264757873023,264757873150,264757882951,36.333,5.292,408.375,413.667,450.000
1675,update,true,264758060168,264758061813,264758062000,264758075960,68.542,7.792,581.667,589.458,658.000
1676,update,true,264758249838,264758251948,264758252161,264758268961,87.917,8.875,700.000,708.875,796.792
1677,update,true,264758440047,264758441853,264758442041,264758481454,75.250,7.833,1642.208,1650.042,1725.292
1678,update,true,264758666985,264758668676,264758668933,264758685754,70.458,10.708,700.875,711.583,782.042
1679,update,true,264758844924,264758846059,264758846239,264758862812,47.292,7.500,690.542,698.042,745.333
1680,update,true,264759040845,264759042548,264759042730,264759060474,70.958,7.583,739.333,746.917,817.875
1681,update,true,264759243441,264759245067,264759245243,264759262273,67.750,7.333,709.583,716.917,784.667
1682,update,true,264759442893,264759444602,264759444843,264759461342,71.208,10.042,687.458,697.500,768.708
1683,update,true,264759612448,264759615451,264759615588,264759631826,125.125,5.708,676.583,682.292,807.417
1684,update,true,264759759789,264759760543,264759760639,264759768045,31.417,4.000,308.583,312.583,344.000
1685,update,true,264759944257,264759944843,264759944918,264759951184,24.417,3.125,261.083,264.208,288.625
1686,update,true,264760132993,264760133686,264760133777,264760142370,28.875,3.792,358.042,361.833,390.708
1687,update,true,264760321917,264760322536,264760322619,264760328847,25.792,3.458,259.500,262.958,288.750
1688,update,true,264760511331,264760511970,264760512068,264760518816,26.625,4.083,281.167,285.250,311.875
1689,update,true,264760700976,264760701751,264760701894,264760708771,32.292,5.958,286.542,292.500,324.792
1690,update,true,264760897218,264760898049,264760898178,264760906101,34.625,5.375,330.125,335.500,370.125
1691,update,true,264761085526,264761086266,264761086372,264761094312,30.833,4.417,330.833,335.250,366.083
1692,update,true,264761281912,264761282694,264761282808,264761291462,32.583,4.750,360.583,365.333,397.917
1693,update,true,264761466190,264761466937,264761467055,264761474447,31.125,4.917,308.000,312.917,344.042
1694,update,true,264761662662,264761663806,264761663947,264761673122,47.667,5.875,382.292,388.167,435.833
1695,update,true,264761858339,264761859593,264761859766,264761871353,52.250,7.208,482.792,490.000,542.250
1696,update,true,264762045082,264762046559,264762046737,264762060383,61.542,7.417,568.583,576.000,637.542
1697,update,true,264762235220,264762236680,264762236860,264762249471,60.833,7.500,525.458,532.958,593.792
1698,update,true,264762421307,264762422257,264762422408,264762433694,39.583,6.292,470.250,476.542,516.125
1699,update,true,264762667388,264762668507,264762668654,264762678369,46.625,6.125,404.792,410.917,457.542
1700,update,true,264762848279,264762849077,264762849183,264762857341,33.250,4.417,339.917,344.333,377.583
1701,update,true,264763034931,264763035527,264763035622,264763041945,24.833,3.958,263.458,267.417,292.250
1702,update,true,264763244727,264763245252,264763245320,264763251172,21.875,2.833,243.833,246.667,268.542
1703,update,true,264763424701,264763425629,264763425757,264763433376,38.667,5.333,317.458,322.792,361.458
1704,update,true,264763566133,264763566745,264763566839,264763572744,25.500,3.917,246.042,249.958,275.458
1705,update,true,264763748153,264763749051,264763749166,264763757034,37.417,4.792,327.833,332.625,370.042
1706,update,true,264763939524,264763940319,264763940439,264763948149,33.125,5.000,321.250,326.250,359.375
1707,update,true,264764143230,264764144572,264764144739,264764155122,55.917,6.958,432.625,439.583,495.500
1708,update,true,264764323904,264764324826,264764324981,264764333465,38.417,6.458,353.500,359.958,398.375
1709,update,true,264764520192,264764521852,264764522062,264764532799,69.167,8.750,447.375,456.125,525.292
1710,update,true,264764708355,264764709679,264764709841,264764722392,55.167,6.750,522.958,529.708,584.875
1711,update,true,264764897277,264764898237,264764898404,264764907389,40.000,6.958,374.375,381.333,421.333
1712,update,true,264765092125,264765093122,264765093250,264765102485,41.542,5.333,384.792,390.125,431.667
1713,update,true,264765278605,264765279401,264765279539,264765289316,33.167,5.750,407.375,413.125,446.292
1714,update,true,264765467703,264765468612,264765468754,264765479003,37.875,5.917,427.042,432.958,470.833
1715,update,true,264765674097,264765676093,264765676350,264765697216,83.167,10.708,869.417,880.125,963.292
1716,update,true,264765859972,264765861537,264765861768,264765878656,65.208,9.625,703.667,713.292,778.500
1717,update,true,264766045563,264766047440,264766047706,264766064380,78.208,11.083,694.750,705.833,784.042
1718,update,true,264766271945,264766273512,264766273757,264766288058,65.292,10.208,595.875,606.083,671.375
1719,update,true,264766470491,264766471712,264766471920,264766487956,50.875,8.667,668.167,676.833,727.708
1720,update,true,264766653079,264766654613,264766654835,264766668155,63.917,9.250,555.000,564.250,628.167
1721,update,true,264766865116,264766866358,264766866529,264766881275,51.750,7.125,614.417,621.542,673.292
1722,update,true,264767041375,264767043164,264767043368,264767058065,74.542,8.500,612.375,620.875,695.417
1723,update,true,264767230371,264767231965,264767232193,264767246266,66.417,9.500,586.375,595.875,662.292
1724,update,true,264767369611,264767370733,264767370880,264767383369,46.750,6.125,520.375,526.500,573.250
1725,update,true,264767556677,264767557726,264767557882,264767568062,43.708,6.500,424.167,430.667,474.375
1726,update,true,264767747757,264767748612,264767748746,264767757317,35.625,5.583,357.125,362.708,398.333
1727,update,true,264767942981,264767943931,264767944063,264767953347,39.583,5.500,386.833,392.333,431.917
1728,update,true,264768135557,264768136889,264768137080,264768150778,55.500,7.958,570.750,578.708,634.208
1729,update,true,264768329365,264768330704,264768330921,264768344010,55.792,9.042,545.375,554.417,610.208
1730,update,true,264768508699,264768509524,264768509639,264768518869,34.375,4.792,384.583,389.375,423.750
1731,update,true,264768694769,264768695528,264768695657,264768703727,31.625,5.375,336.250,341.625,373.250
1732,update,true,264768882955,264768883718,264768883840,264768893214,31.792,5.083,390.583,395.667,427.458
1733,update,true,264769081600,264769082364,264769082481,264769091750,31.833,4.875,386.208,391.083,422.917
1734,update,true,264769263328,264769264197,264769264330,264769272573,36.208,5.542,343.458,349.000,385.208
1735,update,true,264775688952,264775692675,264775693105,264775725249,155.125,17.917,1339.333,1357.250,1512.375
1736,update,true,264775843083,264775844788,264775844996,264775873858,71.042,8.667,1202.583,1211.250,1282.292
1737,update,true,264776119436,264776121195,264776121454,264776137327,73.292,10.792,661.375,672.167,745.458
1738,update,true,264776267443,264776268238,264776268377,264776278063,33.125,5.792,403.583,409.375,442.500
1739,update,true,264776453243,264776454458,264776454620,264776465066,50.625,6.750,435.250,442.000,492.625
1740,update,true,264776654520,264776656007,264776656186,264776670606,61.958,7.458,600.833,608.292,670.250
1741,update,true,264776853908,264776855032,264776855170,264776867783,46.833,5.750,525.542,531.292,578.125
1742,update,true,264777242564,264777244284,264777244485,264777261198,71.667,8.375,696.375,704.750,776.417
1743,update,true,264777268268,264777268808,264777268889,264777285429,22.500,3.375,689.167,692.542,715.042
1744,update,true,264777364841,264777365932,264777366072,264777379111,45.458,5.833,543.292,549.125,594.583
1745,update,true,264777537911,264777538663,264777538765,264777548426,31.333,4.250,402.542,406.792,438.125
1746,update,true,264777725110,264777725997,264777726114,264777736139,36.958,4.875,417.708,422.583,459.542
1747,update,true,264777919836,264777920754,264777920887,264777931225,38.250,5.542,430.750,436.292,474.542
1748,update,true,264778109089,264778110036,264778110150,264778119825,39.458,4.750,403.125,407.875,447.333
1749,update,true,264778303970,264778304841,264778305304,264778314789,36.292,19.292,395.208,414.500,450.792
1750,update,true,264778488961,264778489677,264778489776,264778498359,29.833,4.125,357.625,361.750,391.583
1751,update,true,264778681220,264778681705,264778681793,264778687922,20.208,3.667,255.375,259.042,279.250
1752,update,true,264778883821,264778884584,264778884694,264778894319,31.792,4.583,401.042,405.625,437.417
1753,update,true,264779067788,264779068400,264779068490,264779075798,25.500,3.750,304.500,308.250,333.750
1754,update,true,264779255590,264779256385,264779256496,264779265262,33.125,4.625,365.250,369.875,403.000
1755,update,true,264779446277,264779447131,264779447238,264779456958,35.583,4.458,405.000,409.458,445.042
1756,update,true,264779645056,264779645884,264779646004,264779656895,34.500,5.000,453.792,458.792,493.292
1757,update,true,264779855080,264779855871,264779855996,264779866276,32.958,5.208,428.333,433.542,466.500
1758,update,true,264780056754,264780057520,264780057613,264780065494,31.917,3.875,328.375,332.250,364.167
1759,update,true,264780252503,264780253423,264780253569,264780263636,38.333,6.083,419.458,425.542,463.875
1760,update,true,264780463983,264780464949,264780465049,264780473955,40.250,4.167,371.083,375.250,415.500
1761,update,true,264780641237,264780642292,264780642404,264780652568,43.958,4.667,423.500,428.167,472.125
1762,update,true,264780826994,264780827794,264780827889,264780837577,33.333,3.958,403.667,407.625,440.958
1763,update,true,264780965123,264780966065,264780966187,264780974551,39.250,5.083,348.500,353.583,392.833
1764,update,true,264781165850,264781166671,264781166787,264781174755,34.208,4.833,332.000,336.833,371.042
1765,update,true,264781349091,264781349809,264781349905,264781359457,29.917,4.000,398.000,402.000,431.917
1766,update,true,264781546406,264781547655,264781547830,264781559472,52.042,7.292,485.083,492.375,544.417
1767,update,true,264781739810,264781741587,264781741860,264781753953,74.042,11.375,503.875,515.250,589.292
1768,update,true,264781932628,264781934085,264781934240,264781947360,60.708,6.458,546.667,553.125,613.833
1769,update,true,264782112300,264782113234,264782113370,264782123535,38.917,5.667,423.542,429.208,468.125
1770,update,true,264782308685,264782309543,264782309671,264782318808,35.750,5.333,380.708,386.042,421.792
1771,update,true,264782498868,264782500226,264782500424,264782514078,56.583,8.250,568.917,577.167,633.750
1772,update,true,264782696057,264782697203,264782697379,264782709560,47.750,7.333,507.542,514.875,562.625
1773,update,true,264782874559,264782875345,264782875465,264782885227,32.750,5.000,406.750,411.750,444.500
1774,update,true,264783062152,264783062879,264783062987,264783070717,30.292,4.500,322.083,326.583,356.875
1775,update,true,264783253503,264783254687,264783254791,264783263923,49.333,4.333,380.500,384.833,434.167
1776,update,true,264783460166,264783461171,264783461307,264783470594,41.875,5.667,386.958,392.625,434.500
1777,update,true,264783655679,264783656449,264783656576,264783665195,32.083,5.292,359.125,364.417,396.500
1778,update,true,264783853637,264783854433,264783854539,264783863046,33.167,4.417,354.458,358.875,392.042
1779,update,true,264784251067,264784252296,264784252451,264784263578,51.208,6.458,463.625,470.083,521.292
1780,update,true,264784447764,264784448663,264784448768,264784456980,37.458,4.375,342.167,346.542,384.000
1781,update,true,264784636766,264784637567,264784637669,264784645769,33.375,4.250,337.500,341.750,375.125
1782,update,true,264784767020,264784767781,264784767878,264784776346,31.708,4.042,352.833,356.875,388.583
1783,update,true,264784965915,264784966765,264784966881,264784974976,35.417,4.833,337.292,342.125,377.542
1784,update,true,264785155867,264785156508,264785156604,264785164523,26.708,4.000,329.958,333.958,360.667
1785,update,true,264785352977,264785353854,264785353969,264785361784,36.542,4.792,325.625,330.417,366.958
1786,update,true,264785543178,264785544546,264785544694,264785555335,57.000,6.167,443.375,449.542,506.542
1787,update,true,264785741500,264785743196,264785743370,264785755052,70.667,7.250,486.750,494.000,564.667
1788,update,true,264785903775,264785904330,264785904405,264785910052,23.125,3.125,235.292,238.417,261.542
1789,update,true,264786095549,264786096016,264786096088,264786101173,19.458,3.000,211.875,214.875,234.333
1790,update,true,264786289914,264786290401,264786290476,264786295940,20.292,3.125,227.667,230.792,251.083
1791,update,true,264786484560,264786485078,264786485158,264786491278,21.583,3.333,255.000,258.333,279.917
1792,update,true,264786671614,264786672114,264786672192,264786679519,20.833,3.250,305.292,308.542,329.375
1793,update,true,264786860906,264786861424,264786861508,264786868038,21.583,3.500,272.083,275.583,297.167
1794,update,true,264787066590,264787067205,264787067298,264787075396,25.625,3.875,337.417,341.292,366.917
1795,update,true,264787241245,264787241780,264787241859,264787247644,22.292,3.292,241.042,244.333,266.625
1796,update,true,264787439381,264787439890,264787439976,264787445753,21.208,3.583,240.708,244.292,265.500
1797,update,true,264787662810,264787663358,264787663439,264787671077,22.833,3.375,318.250,321.625,344.458
1798,update,true,264787859181,264787859888,264787859972,264787867037,29.458,3.500,294.375,297.875,327.333
1799,update,true,264788068539,264788069199,264788069280,264788077899,27.500,3.375,359.125,362.500,390.000
1800,update,true,264788298747,264788299572,264788299693,264788307379,34.375,5.042,320.250,325.292,359.667
1801,update,true,264788469245,264788471036,264788471166,264788482711,74.625,5.417,481.042,486.458,561.083
1802,update,true,264788619751,264788621136,264788621291,264788633339,57.708,6.458,502.000,508.458,566.167
1803,update,true,264788758017,264788758863,264788758965,264788767854,35.250,4.250,370.375,374.625,409.875
1804,update,true,264788956219,264788957239,264788957391,264788968215,42.500,6.333,451.000,457.333,499.833
1805,update,true,264789150324,264789151188,264789151316,264789159497,36.000,5.333,340.875,346.208,382.208
1806,update,true,264789352616,264789353580,264789353716,264789365459,40.167,5.667,489.292,494.958,535.125
1807,update,true,264789518036,264789518865,264789518978,264789527092,34.542,4.708,338.083,342.792,377.333
1808,update,true,264789710731,264789711557,264789711665,264789721212,34.417,4.500,397.792,402.292,436.708
1809,update,true,264789898736,264789899581,264789899695,264789908534,35.208,4.750,368.292,373.042,408.250
1810,update,true,264790088012,264790088832,264790088947,264790098688,34.167,4.792,405.875,410.667,444.833
1811,update,true,264790281824,264790282606,264790282719,264790294081,32.583,4.708,473.417,478.125,510.708
1812,update,true,264790482879,264790483612,264790483750,264790494934,30.542,5.750,466.000,471.750,502.292
1813,update,true,264790671947,264790673105,264790673271,264790686986,48.250,6.917,571.458,578.375,626.625
1814,update,true,264790862726,264790864488,264790864673,264790880120,73.417,7.708,643.625,651.333,724.750
1815,update,true,264791054320,264791056119,264791056308,264791068441,74.958,7.875,505.542,513.417,588.375
1816,update,true,264791241265,264791242913,264791243112,264791257187,68.667,8.292,586.458,594.750,663.417
1817,update,true,264791478035,264791479447,264791479619,264791493995,58.833,7.167,599.000,606.167,665.000
1818,update,true,264791637178,264791638317,264791638492,264791653287,47.458,7.292,616.458,623.750,671.208
1819,update,true,264791844341,264791846790,264791847021,264791864811,102.042,9.625,741.250,750.875,852.917
1820,update,true,264792028814,264792031139,264792031403,264792048385,96.875,11.000,707.583,718.583,815.458
1821,update,true,264792249103,264792250059,264792250160,264792260091,39.833,4.208,413.792,418.000,457.833
1822,update,true,264792443182,264792444232,264792444359,264792456418,43.750,5.292,502.458,507.750,551.500
1823,update,true,264792559416,264792560363,264792560499,264792569165,39.458,5.667,361.083,366.750,406.208
1824,update,true,264792762662,264792764215,264792764411,264792777473,64.708,8.167,544.250,552.417,617.125
1825,update,true,264792958945,264792960092,264792960263,264792970777,47.792,7.125,438.083,445.208,493.000
1826,update,true,264793150076,264793150906,264793151053,264793159601,34.583,6.125,356.167,362.292,396.875
1827,update,true,264793341824,264793343289,264793343470,264793355118,61.042,7.542,485.333,492.875,553.917
1828,update,true,264793540222,264793541743,264793541935,264793556582,63.375,8.000,610.292,618.292,681.667
1829,update,true,264793718043,264793719059,264793719222,264793726557,42.333,6.792,305.625,312.417,354.750
1830,update,true,264793905735,264793906527,264793906624,264793915516,33.000,4.042,370.500,374.542,407.542
1831,update,true,264794098621,264794099419,264794099531,264794110108,33.250,4.667,440.708,445.375,478.625
1832,update,true,264794286378,264794286844,264794286925,264794297284,19.417,3.375,431.625,435.000,454.417
1833,update,true,264794484366,264794485165,264794485311,264794498383,33.292,6.083,544.667,550.750,584.042
1834,update,true,264794666703,264794667514,264794667649,264794676059,33.792,5.625,350.417,356.042,389.833
1835,update,true,264794870721,264794871408,264794871504,264794879298,28.625,4.000,324.750,328.750,357.375
1836,update,true,264795067087,264795068400,264795068601,264795082244,54.708,8.375,568.458,576.833,631.542
1837,update,true,264795260079,264795260934,264795261045,264795270095,35.625,4.625,377.083,381.708,417.333
1838,update,true,264795472939,264795474070,264795474218,264795487926,47.125,6.167,571.167,577.333,624.458
1839,update,true,264795660935,264795661579,264795661684,264795669544,26.833,4.375,327.500,331.875,358.708
1840,update,true,264795862631,264795863627,264795863781,264795874468,41.500,6.417,445.292,451.708,493.208
1841,update,true,264796069568,264796087553,264796087719,264796100071,749.375,6.917,514.667,521.583,1270.958
1842,update,true,264796231873,264796232262,264796232337,264796237029,16.208,3.125,195.500,198.625,214.833
1843,update,true,264796366297,264796366977,264796367080,264796374791,28.333,4.292,321.292,325.583,353.917
1844,update,true,264796752601,264796755137,264796755382,264796776716,105.667,10.208,888.917,899.125,1004.792
1845,update,true,264796776962,264796778487,264796778564,264796808298,63.542,3.208,1238.917,1242.125,1305.667
1846,update,true,264796937717,264796938484,264796938572,264796947688,31.958,3.667,379.833,383.500,415.458
1847,update,true,264797120586,264797121099,264797121165,264797128810,21.375,2.750,318.542,321.292,342.667
1848,update,true,264797318890,264797319331,264797319399,264797326292,18.375,2.833,287.208,290.042,308.417
1849,update,true,264797502910,264797503356,264797503425,264797510461,18.583,2.875,293.167,296.042,314.625
1850,update,true,264797691004,264797691423,264797691493,264797698841,17.458,2.917,306.167,309.083,326.542
1851,update,true,264797890366,264797890791,264797890864,264797895817,17.708,3.042,206.375,209.417,227.125
1852,update,true,264798083511,264798083940,264798084556,264798091742,17.875,25.667,299.417,325.083,342.958
1853,update,true,264798268617,264798269061,264798269144,264798274840,18.500,3.458,237.333,240.792,259.292
1854,update,true,264798458200,264798458689,264798458765,264798465726,20.375,3.167,290.042,293.208,313.583
1855,update,true,264798647354,264798647885,264798647971,264798656050,22.125,3.583,336.625,340.208,362.333
1856,update,true,264798854925,264798855578,264798855670,264798863982,27.208,3.833,346.333,350.167,377.375
1857,update,true,264799064521,264799065133,264799065225,264799074007,25.500,3.833,365.917,369.750,395.250
1858,update,true,264799242083,264799242739,264799242826,264799251544,27.333,3.625,363.250,366.875,394.208
1859,update,true,264799462522,264799463060,264799463154,264799472471,22.417,3.917,388.208,392.125,414.542
1860,update,true,264799651245,264799651783,264799651863,264799660919,22.417,3.333,377.333,380.667,403.083
1861,update,true,264799862533,264799863157,264799863241,264799872913,26.000,3.500,403.000,406.500,432.500
1862,update,true,264800045443,264800046044,264800046124,264800054816,25.042,3.333,362.167,365.500,390.542
1863,update,true,264800230924,264800231710,264800231816,264800243945,32.750,4.417,505.375,509.792,542.542
1864,update,true,264800361271,264800362280,264800362397,264800373557,42.042,4.875,465.000,469.875,511.917
1865,update,true,264800558726,264800559520,264800559644,264800570101,33.083,5.167,435.708,440.875,473.958
1866,update,true,264800752239,264800752995,264800753112,264800763662,31.500,4.875,439.583,444.458,475.958
1867,update,true,264800945328,264800946454,264800946617,264800958437,46.917,6.792,492.500,499.292,546.208
1868,update,true,264801135903,264801137008,264801137137,264801151767,46.042,5.375,609.583,614.958,661.000
1869,update,true,264801331181,264801332262,264801332414,264801347914,45.042,6.333,645.833,652.167,697.208
1870,update,true,264801513736,264801515006,264801515165,264801528231,52.917,6.625,544.417,551.042,603.958
1871,update,true,264801706347,264801708971,264801709172,264801724973,109.333,8.375,658.375,666.750,776.083
1872,update,true,264801897256,264801899328,264801899475,264801911012,86.333,6.125,480.708,486.833,573.167
1873,update,true,264802093148,264802094186,264802094348,264802109981,43.250,6.750,651.375,658.125,701.375
1874,update,true,264802283008,264802283674,264802283788,264802293942,27.750,4.750,423.083,427.833,455.583
1875,update,true,264802461230,264802461828,264802461914,264802470757,24.917,3.583,368.458,372.042,396.958
1876,update,true,264802682235,264802683114,264802683274,264802694202,36.625,6.667,455.333,462.000,498.625
1877,update,true,264802871264,264802871847,264802871957,264802878433,24.292,4.583,269.833,274.417,298.708
1878,update,true,264803060803,264803061504,264803061624,264803087815,29.208,5.000,1091.292,1096.292,1125.500
1879,update,true,264803261846,264803262420,264803262497,264803273090,23.917,3.208,441.375,444.583,468.500
1880,update,true,264803458849,264803459567,264803459662,264803467516,29.917,3.958,327.250,331.208,361.125
1881,update,true,264803649912,264803650709,264803650813,264803661327,33.208,4.333,438.083,442.417,475.625
1882,update,true,264803838299,264803839830,264803840054,264803854620,63.792,9.333,606.917,616.250,680.042
1883,update,true,264804016433,264804017774,264804017957,264804033336,55.875,7.625,640.792,648.417,704.292
1884,update,true,264804166782,264804168316,264804168506,264804183953,63.917,7.917,643.625,651.542,715.458
1885,update,true,264804356994,264804357662,264804357788,264804372682,27.833,5.250,620.583,625.833,653.667
1886,update,true,264804556605,264804557595,264804557733,264804569883,41.250,5.750,506.250,512.000,553.250
1887,update,true,264804752348,264804753077,264804753186,264804763000,30.375,4.542,408.917,413.458,443.833
1888,update,true,264804932791,264804933348,264804933442,264804942257,23.208,3.917,367.292,371.208,394.417
1889,update,true,264805118568,264805119209,264805119289,264805130399,26.708,3.333,462.917,466.250,492.958
1890,update,true,264805312351,264805312859,264805312966,264805321647,21.167,4.458,361.708,366.167,387.333
1891,update,true,264805504704,264805505407,264805505501,264805514667,29.292,3.917,381.917,385.833,415.125
1892,update,true,264805694849,264805695290,264805695371,264805704039,18.375,3.375,361.167,364.542,382.917
1893,update,true,264805883774,264805884259,264805884340,264805890464,20.208,3.375,255.167,258.542,278.750
1894,update,true,264806083961,264806084703,264806084814,264806092893,30.917,4.625,336.625,341.250,372.167
1895,update,true,264806263284,264806263968,264806264058,264806273832,28.500,3.750,407.250,411.000,439.500
1896,update,true,264806451965,264806452602,264806452715,264806462045,26.542,4.708,388.750,393.458,420.000
1897,update,true,264806661294,264806662115,264806662242,264806672283,34.208,5.292,418.375,423.667,457.875
1898,update,true,264806867706,264806868457,264806868555,264806879144,31.292,4.083,441.208,445.292,476.583
1899,update,true,264807057687,264807058413,264807058549,264807069138,30.250,5.667,441.208,446.875,477.125
1900,update,true,264807257217,264807257873,264807257978,264807267895,27.333,4.375,413.208,417.583,444.917
1901,update,true,264807457770,264807458536,264807458673,264807467917,31.917,5.708,385.167,390.875,422.792
1902,update,true,264807661438,264807662134,264807662241,264807670888,29.000,4.458,360.292,364.750,393.750
1903,update,true,264807831287,264807831921,264807832004,264807838889,26.417,3.458,286.875,290.333,316.750
1904,update,true,264807964104,264807964554,264807964623,264807970322,18.750,2.875,237.458,240.333,259.083
1905,update,true,264808155557,264808156019,264808156095,264808162122,19.250,3.167,251.125,254.292,273.542
1906,update,true,264808349826,264808350289,264808350362,264808356289,19.292,3.042,246.958,250.000,269.292
1907,update,true,264808543482,264808543931,264808544006,264808550041,18.708,3.125,251.458,254.583,273.292
1908,update,true,264808930119,264808930639,264808930741,264808939448,21.667,4.250,362.792,367.042,388.708
1909,update,true,264809115816,264809116627,264809116758,264809126019,33.792,5.458,385.875,391.333,425.125
1910,update,true,264809307798,264809308725,264809308862,264809318109,38.625,5.708,385.292,391.000,429.625
1911,update,true,264809500053,264809502263,264809502513,264809518629,92.083,10.417,671.500,681.917,774.000
1912,update,true,264809677913,264809679165,264809679312,264809690277,52.167,6.125,456.875,463.000,515.167
1913,update,true,264809873856,264809875170,264809875319,264809887332,54.750,6.208,500.542,506.750,561.500
1914,update,true,264810066394,264810067453,264810067584,264810077829,44.125,5.458,426.875,432.333,476.458
1915,update,true,264810257096,264810258908,264810259106,264810273095,75.500,8.250,582.875,591.125,666.625
1916,update,true,264810454013,264810455713,264810455920,264810469802,70.833,8.625,578.417,587.042,657.875
1917,update,true,264810632081,264810633717,264810633938,264810647961,68.167,9.208,584.292,593.500,661.667
1918,update,true,264810845122,264810846806,264810847019,264810862728,70.167,8.875,654.542,663.417,733.583
1919,update,true,264811056948,264811058178,264811058367,264811070069,51.250,7.875,487.583,495.458,546.708
1920,update,true,264811240315,264811241234,264811241402,264811251379,38.292,7.000,415.708,422.708,461.000
1921,update,true,264811437619,264811439058,264811439235,264811453947,59.958,7.375,613.000,620.375,680.333
1922,update,true,264811623996,264811625066,264811625219,264811636082,44.583,6.375,452.625,459.000,503.583
1923,update,true,264811839872,264811840753,264811840876,264811849777,36.708,5.125,370.875,376.000,412.708
1924,update,true,264811956770,264811957523,264811957629,264811965686,31.375,4.417,335.708,340.125,371.500
1925,update,true,264812151835,264812153130,264812153307,264812163388,53.958,7.375,420.042,427.417,481.375
1926,update,true,264812345196,264812346294,264812346463,264812356467,45.750,7.042,416.833,423.875,469.625
1927,update,true,264812533969,264812535063,264812535212,264812543831,45.583,6.208,359.125,365.333,410.917
1928,update,true,264812733180,264812734571,264812734737,264812747459,57.958,6.917,530.083,537.000,594.958
1929,update,true,264812922646,264812924204,264812924393,264812937701,64.917,7.875,554.500,562.375,627.292
1930,update,true,264813112786,264813114048,264813114213,264813125481,52.583,6.875,469.500,476.375,528.958
1931,update,true,264813300230,264813301508,264813301670,264813313615,53.250,6.750,497.708,504.458,557.708
1932,update,true,264813497297,264813498729,264813498911,264813510873,59.667,7.583,498.417,506.000,565.667
1933,update,true,264813690958,264813692322,264813692501,264813706890,56.833,7.458,599.542,607.000,663.833
1934,update,true,264813889012,264813890671,264813890916,264813907472,69.125,10.208,689.833,700.042,769.167
1935,update,true,264814064448,264814065779,264814065947,264814080780,55.458,7.000,618.042,625.042,680.500
1936,update,true,264814253804,264814255452,264814255669,264814269554,68.667,9.042,578.542,587.583,656.250
1937,update,true,264814438975,264814440910,264814441127,264814455515,80.625,9.042,599.500,608.542,689.167
1938,update,true,264814614017,264814614738,264814614844,264814621568,30.042,4.417,280.167,284.583,314.625
1939,update,true,264814818488,264814819567,264814819688,264814827658,44.958,5.042,332.083,337.125,382.083
1940,update,true,264815016293,264815017184,264815017301,264815024671,37.125,4.875,307.083,311.958,349.083
1941,update,true,264815265996,264815266548,264815266639,264815272240,23.000,3.792,233.375,237.167,260.167
1942,update,true,264815453013,264815453642,264815453727,264815459885,26.208,3.542,256.583,260.125,286.333
1943,update,true,264815630956,264815631630,264815631716,264815638213,28.083,3.583,270.708,274.292,302.375
1944,update,true,264815957964,264815958639,264815958728,264815965682,28.125,3.708,289.750,293.458,321.583
1945,update,true,264816339304,264816340249,264816340375,264816349107,39.375,5.250,363.833,369.083,408.458
1946,update,true,264816523988,264816524736,264816524833,264816532300,31.167,4.042,311.125,315.167,346.333
1947,update,true,264816723441,264816724167,264816724266,264816733179,30.250,4.125,371.375,375.500,405.750
1948,update,true,264816906369,264816907017,264816907113,264816915722,27.000,4.000,358.708,362.708,389.708
1949,update,true,264817097286,264817098017,264817098107,264817107619,30.458,3.750,396.333,400.083,430.542
1950,update,true,264817288757,264817289377,264817289474,264817298222,25.833,4.042,364.500,368.542,394.375
1951,update,true,264817481720,264817482416,264817482514,264817491148,29.000,4.083,359.750,363.833,392.833
1952,update,true,264817674248,264817674890,264817674981,264817684097,26.750,3.792,379.833,383.625,410.375
1953,update,true,264817860086,264817860726,264817860826,264817869379,26.667,4.167,356.375,360.542,387.208
1954,update,true,264818050926,264818051524,264818051622,264818060944,24.917,4.083,388.417,392.500,417.417
1955,update,true,264818272506,264818273138,264818273271,264818283556,26.333,5.542,428.542,434.083,460.417
1956,update,true,264818456413,264818457123,264818457222,264818467163,29.583,4.125,414.208,418.333,447.917
1957,update,true,264818666510,264818667204,264818667306,264818676479,28.917,4.250,382.208,386.458,415.375
1958,update,true,264818858296,264818858920,264818859016,264818869986,26.000,4.000,457.083,461.083,487.083
1959,update,true,264819059284,264819060037,264819060156,264819069978,31.375,4.958,409.250,414.208,445.583
1960,update,true,264819264037,264819264765,264819264869,264819275072,30.333,4.333,425.125,429.458,459.792
1961,update,true,264819453428,264819454008,264819454127,264819463739,24.167,4.958,400.500,405.458,429.625
1962,update,true,264819562409,264819563068,264819563154,264819571559,27.458,3.583,350.208,353.792,381.250
1963,update,true,264819752664,264819753169,264819753252,264819760475,21.042,3.458,300.958,304.417,325.458
1964,update,true,264819949446,264819950000,264819950076,264819955828,23.083,3.167,239.667,242.833,265.917
1965,update,true,264820143167,264820143888,264820144008,264820151450,30.042,5.000,310.083,315.083,345.125
1966,update,true,264820334552,264820335611,264820335746,264820344204,44.125,5.625,352.417,358.042,402.167
1967,update,true,264820524447,264820525675,264820525815,264820538460,51.167,5.833,526.875,532.708,583.875
1968,update,true,264820716951,264820718087,264820718281,264820729676,47.333,8.083,474.792,482.875,530.208
1969,update,true,264820911812,264820913058,264820913223,264820924887,51.917,6.875,486.000,492.875,544.792
1970,update,true,264821101422,264821102506,264821102726,264821119156,45.167,9.167,684.583,693.750,738.917
1971,update,true,264821281288,264821282190,264821282319,264821294127,37.583,5.375,492.000,497.375,534.958
1972,update,true,264821471079,264821471913,264821472038,264821481591,34.750,5.208,398.042,403.250,438.000
1973,update,true,264821656720,264821657628,264821657766,264821666538,37.833,5.750,365.500,371.250,409.083
1974,update,true,264821847000,264821847944,264821848063,264821857345,39.333,4.958,386.750,391.708,431.042
1975,update,true,264822035565,264822036477,264822036596,264822045085,38.000,4.958,353.708,358.667,396.667
1976,update,true,264822223676,264822224490,264822224604,264822232563,33.917,4.750,331.625,336.375,370.292
1977,update,true,264822415015,264822415740,264822415858,264822423244,30.208,4.917,307.750,312.667,342.875
1978,update,true,264822617128,264822617995,264822618099,264822627138,36.125,4.333,376.625,380.958,417.083
1979,update,true,264822814342,264822815140,264822815257,264822823494,33.250,4.875,343.208,348.083,381.333
1980,update,true,264823063086,264823063882,264823063991,264823072306,33.167,4.542,346.458,351.000,384.167
1981,update,true,264823246739,264823247486,264823247613,264823255776,31.125,5.292,340.125,345.417,376.542
1982,update,true,264823442966,264823444166,264823444317,264823455166,50.000,6.292,452.042,458.333,508.333
1983,update,true,264823559236,264823560073,264823560195,264823568801,34.875,5.083,358.583,363.667,398.542
1984,update,true,264823748470,264823749440,264823749579,264823757408,40.417,5.792,326.208,332.000,372.417
1985,update,true,264823944060,264823945036,264823945181,264823955157,40.667,6.042,415.667,421.708,462.375
1986,update,true,264824133893,264824135241,264824135380,264824145276,56.167,5.792,412.333,418.125,474.292
1987,update,true,264824330132,264824331413,264824331573,264824342005,53.375,6.667,434.667,441.333,494.708
1988,update,true,264824517220,264824518308,264824518438,264824530793,45.333,5.417,514.792,520.208,565.542
1989,update,true,264824710129,264824710872,264824710994,264824719121,30.958,5.083,338.625,343.708,374.667
1990,update,true,264824901986,264824902733,264824902841,264824911605,31.125,4.500,365.167,369.667,400.792
1991,update,true,264825091036,264825091885,264825092037,264825100401,35.375,6.333,348.500,354.833,390.208
1992,update,true,264825284163,264825284684,264825284765,264825294172,21.708,3.375,391.958,395.333,417.042
1993,update,true,264825475508,264825476161,264825476253,264825484017,27.208,3.833,323.500,327.333,354.542
1994,update,true,264825653395,264825653973,264825654057,264825660127,24.083,3.500,252.917,256.417,280.500
1995,update,true,264825853650,264825854212,264825854287,264825860096,23.417,3.125,242.042,245.167,268.583
1996,update,true,264826045132,264826045756,264826045838,264826052704,26.000,3.417,286.083,289.500,315.500
1997,update,true,264826264738,264826265240,264826265314,264826271001,20.917,3.083,236.958,240.042,260.958
1998,update,true,264826453808,264826454422,264826454516,264826460747,25.583,3.917,259.625,263.542,289.125
1999,update,true,264826647336,264826647862,264826647938,264826654413,21.917,3.167,269.792,272.958,294.875
2000,update,true,264826849310,264826849861,264826849942,264826855803,22.958,3.375,244.208,247.583,270.542
2001,update,true,264827062193,264827062719,264827062856,264827068450,21.917,5.708,233.083,238.792,260.708
2002,update,true,264827238322,264827238842,264827238919,264827244459,21.667,3.208,230.833,234.042,255.708
2003,update,true,264827360869,264827361314,264827361387,264827366628,18.542,3.042,218.375,221.417,239.958
2004,update,true,264827553527,264827554051,264827554154,264827560312,21.833,4.292,256.583,260.875,282.708
2005,update,true,264827744451,264827745002,264827745095,264827750673,22.958,3.875,232.417,236.292,259.250
2006,update,true,264827937668,264827938252,264827938333,264827944043,24.333,3.375,237.917,241.292,265.625
2007,update,true,264828130676,264828131772,264828131905,264828141508,45.667,5.542,400.125,405.667,451.333
2008,update,true,264828320712,264828321892,264828322039,264828333081,49.167,6.125,460.083,466.208,515.375
2009,update,true,264828512516,264828514065,264828514277,264828527515,64.542,8.833,551.583,560.417,624.958
2010,update,true,264828701073,264828702425,264828702608,264828714396,56.333,7.625,491.167,498.792,555.125
2011,update,true,264828900827,264828902471,264828902682,264828918601,68.500,8.792,663.292,672.083,740.583
2012,update,true,264829093378,264829094258,264829094411,264829105371,36.667,6.375,456.667,463.042,499.708
2013,update,true,264829284072,264829284775,264829284899,264829298198,29.292,5.167,554.125,559.292,588.583
2014,update,true,264829466352,264829467341,264829467475,264829479460,41.208,5.583,499.375,504.958,546.167
2015,update,true,264829648719,264829649663,264829649805,264829658155,39.333,5.917,347.917,353.833,393.167
2016,update,true,264829837335,264829838722,264829838883,264829853995,57.792,6.708,629.667,636.375,694.167
2017,update,true,264830061141,264830062273,264830062430,264830072654,47.167,6.542,426.000,432.542,479.708
2018,update,true,264830255039,264830256205,264830256330,264830267086,48.583,5.208,448.167,453.375,501.958
2019,update,true,264830467608,264830468731,264830468849,264830478965,46.792,4.917,421.500,426.417,473.208
2020,update,true,264830647111,264830648393,264830648541,264830657568,53.417,6.167,376.125,382.292,435.708
2021,update,true,264830861796,264830862849,264830863004,264830872532,43.875,6.458,397.000,403.458,447.333
2022,update,true,264831023432,264831025077,264831025296,264831043252,68.542,9.125,748.167,757.292,825.833
2023,update,true,264831171693,264831172650,264831172792,264831183200,39.875,5.917,433.667,439.583,479.458
2024,update,true,264831355238,264831356496,264831356669,264831373080,52.417,7.208,683.792,691.000,743.417
2025,update,true,264831560428,264831561687,264831561855,264831573929,52.458,7.000,503.083,510.083,562.542
2026,update,true,264831750434,264831751701,264831751845,264831763708,52.792,6.000,494.292,500.292,553.083
2027,update,true,264831939705,264831941390,264831941598,264831953069,70.208,8.667,477.958,486.625,556.833
2028,update,true,264832135755,264832137660,264832137905,264832155230,79.375,10.208,721.875,732.083,811.458
2029,update,true,264832328320,264832330725,264832330914,264832345985,100.208,7.875,627.958,635.833,736.042
2030,update,true,264832515554,264832516699,264832516848,264832527503,47.708,6.208,443.958,450.167,497.875
2031,update,true,264832702077,264832702852,264832702972,264832712535,32.292,5.000,398.458,403.458,435.750
2032,update,true,264832887741,264832888334,264832888439,264832899336,24.708,4.375,454.042,458.417,483.125
2033,update,true,264833092416,264833094243,264833094467,264833113281,76.125,9.333,783.917,793.250,869.375
2034,update,true,264833273496,264833274918,264833275126,264833289743,59.250,8.667,609.042,617.708,676.958
2035,update,true,264833458721,264833460277,264833460500,264833474395,64.833,9.292,578.958,588.250,653.083
2036,update,true,264833643176,264833644887,264833645131,264833659432,71.292,10.167,595.875,606.042,677.333
2037,update,true,264833880541,264833881596,264833881709,264833891449,43.958,4.708,405.833,410.542,454.500
2038,update,true,264834062227,264834063206,264834063337,264834072877,40.792,5.458,397.500,402.958,443.750
2039,update,true,264834274474,264834275598,264834275752,264834285801,46.833,6.417,418.708,425.125,471.958
2040,update,true,264834449964,264834450762,264834450896,264834459571,33.250,5.583,361.458,367.042,400.292
2041,update,true,264834632879,264834634104,264834634270,264834645951,51.042,6.917,486.708,493.625,544.667
2042,update,true,264834841970,264834842880,264834843011,264834851941,37.917,5.458,372.083,377.542,415.458
2043,update,true,264835019905,264835021134,264835021308,264835033933,51.208,7.250,526.042,533.292,584.500
2044,update,true,264835155734,264835156554,264835156684,264835167848,34.167,5.417,465.167,470.583,504.750
2045,update,true,264835352115,264835352907,264835353012,264835364404,33.000,4.375,474.667,479.042,512.042
2046,update,true,264835555127,264835555920,264835556049,264835566060,33.042,5.375,417.125,422.500,455.542
2047,update,true,264835745418,264835746170,264835746269,264835756340,31.333,4.125,419.625,423.750,455.083
2048,update,true,264835938265,264835939761,264835940154,264835953034,62.333,16.375,536.667,553.042,615.375
2049,update,true,264836122553,264836123859,264836124012,264836136980,54.417,6.375,540.333,546.708,601.125
2050,update,true,264836313634,264836315103,264836315305,264836331233,61.208,8.417,663.667,672.083,733.292
2051,update,true,264836502950,264836504310,264836504522,264836523641,56.667,8.833,796.625,805.458,862.125
2052,update,true,264836678798,264836679506,264836679620,264836686473,29.500,4.750,285.542,290.292,319.792
2053,update,true,264836865661,264836866508,264836866624,264836874550,35.292,4.833,330.250,335.083,370.375
2054,update,true,264837053178,264837054001,264837054113,264837064162,34.292,4.667,418.708,423.375,457.667
2055,update,true,264837244009,264837244861,264837244988,264837253616,35.500,5.292,359.500,364.792,400.292
2056,update,true,264837473627,264837474255,264837474340,264837482906,26.167,3.542,356.917,360.458,386.625
2057,update,true,264837680392,264837680777,264837680845,264837686761,16.042,2.833,246.500,249.333,265.375
2058,update,true,264837874038,264837874685,264837874799,264837885809,26.958,4.750,458.750,463.500,490.458
2059,update,true,264838021085,264838021785,264838021887,264838032437,29.167,4.250,439.583,443.833,473.000
2060,update,true,264838216884,264838217703,264838217828,264838227855,34.125,5.208,417.792,423.000,457.125
2061,update,true,264838463531,264838464227,264838464327,264838474197,29.000,4.167,411.250,415.417,444.417
2062,update,true,264838623625,264838624401,264838624501,264838635238,32.333,4.167,447.375,451.542,483.875
2063,update,true,264838815729,264838816539,264838816667,264838827536,33.750,5.333,452.875,458.208,491.958
2064,update,true,264838961365,264838962027,264838962135,264838972257,27.583,4.500,421.750,426.250,453.833
2065,update,true,264839153980,264839154678,264839154778,264839165819,29.083,4.167,460.042,464.208,493.292
2066,update,true,264839343406,264839344123,264839344241,264839354366,29.875,4.917,421.875,426.792,456.667
2067,update,true,264839535719,264839536498,264839536608,264839546843,32.458,4.583,426.458,431.042,463.500
2068,update,true,264839727750,264839728749,264839728895,264839741388,41.625,6.083,520.542,526.625,568.250
2069,update,true,264839914517,264839915479,264839915602,264839929707,40.083,5.125,587.708,592.833,632.917
2070,update,true,264840127726,264840128880,264840129023,264840142764,48.083,5.958,572.542,578.500,626.583
2071,update,true,264840303724,264840304342,264840304435,264840316538,25.750,3.875,504.292,508.167,533.917
2072,update,true,264840491294,264840491784,264840491890,264840500150,20.417,4.417,344.167,348.583,369.000
2073,update,true,264840685167,264840685757,264840685880,264840694664,24.583,5.125,366.000,371.125,395.708
2074,update,true,264840891610,264840893386,264840893634,264840913532,74.000,10.333,829.083,839.417,913.417
2075,update,true,264841064273,264841065188,264841065311,264841073623,38.125,5.125,346.333,351.458,389.583
2076,update,true,264841257085,264841258198,264841258371,264841270997,46.375,7.208,526.083,533.292,579.667
2077,update,true,264841452499,264841453766,264841453901,264841466157,52.792,5.625,510.667,516.292,569.083
2078,update,true,264841646698,264841647690,264841647810,264841660770,41.333,5.000,540.000,545.000,586.333
2079,update,true,264841856213,264841857023,264841857119,264841865546,33.750,4.000,351.125,355.125,388.875
2080,update,true,264842059213,264842060070,264842060219,264842068807,35.708,6.208,357.833,364.042,399.750
2081,update,true,264842264028,264842264842,264842264965,264842275370,33.917,5.125,433.542,438.667,472.583
2082,update,true,264842455680,264842456385,264842456497,264842464930,29.375,4.667,351.375,356.042,385.417
2083,update,true,264842643489,264842644194,264842644316,264842652696,29.375,5.083,349.167,354.250,383.625
2084,update,true,264842761837,264842762410,264842762500,264842768676,23.875,3.750,257.333,261.083,284.958
2085,update,true,264842956195,264842956661,264842956738,264842962467,19.417,3.208,238.708,241.917,261.333
2086,update,true,264843148680,264843149310,264843149400,264843156173,26.250,3.750,282.208,285.958,312.208
2087,update,true,264843340322,264843340754,264843340834,264843346349,18.000,3.333,229.792,233.125,251.125
2088,update,true,264843535252,264843535827,264843535923,264843541839,23.958,4.000,246.500,250.500,274.458
2089,update,true,264843730651,264843731366,264843731463,264843738183,29.792,4.042,280.000,284.042,313.833
2090,update,true,264843926384,264843927779,264843927954,264843938793,58.125,7.292,451.625,458.917,517.042
2091,update,true,264844105231,264844105820,264844105938,264844113954,24.542,4.917,334.000,338.917,363.458
2092,update,true,264844297772,264844298661,264844298799,264844307961,37.042,5.750,381.750,387.500,424.542
2093,update,true,264844486052,264844487307,264844487449,264844499924,52.292,5.917,519.792,525.708,578.000
2094,update,true,264844681267,264844682100,264844682251,264844694628,34.708,6.292,515.708,522.000,556.708
2095,update,true,264844861534,264844862098,264844862200,264844869866,23.500,4.250,319.417,323.667,347.167
2096,update,true,264845057356,264845058041,264845058158,264845066465,28.542,4.875,346.125,351.000,379.542
2097,update,true,264845251207,264845251988,264845252092,264845260211,32.542,4.333,338.292,342.625,375.167
2098,update,true,264845462688,264845463535,264845463632,264845472008,35.292,4.042,349.000,353.042,388.333
2099,update,true,264845653750,264845654469,264845654564,264845663161,29.958,3.958,358.208,362.167,392.125
2100,update,true,264845865105,264845865730,264845865818,264845872903,26.042,3.667,295.208,298.875,324.917
2101,update,true,264846065743,264846066359,264846066456,264846077115,25.667,4.042,444.125,448.167,473.833
2102,update,true,264846260837,264846261552,264846261649,264846269227,29.792,4.042,315.750,319.792,349.583
2103,update,true,264846458324,264846458872,264846458959,264846465582,22.833,3.625,275.958,279.583,302.417
2104,update,true,264846565530,264846566189,264846566295,264846573542,27.458,4.417,301.958,306.375,333.833
2105,update,true,264846759364,264846760082,264846760201,264846767108,29.917,4.958,287.792,292.750,322.667
2106,update,true,264846950440,264846951225,264846951336,264846959504,32.708,4.625,340.333,344.958,377.667
2107,update,true,264847154216,264847155358,264847155505,264847164790,47.583,6.125,386.875,393.000,440.583
2108,update,true,264847338171,264847338748,264847338857,264847345710,24.042,4.542,285.542,290.083,314.125
2109,update,true,264847543402,264847545044,264847545212,264847556284,68.417,7.000,461.333,468.333,536.750
2110,update,true,264847717724,264847718815,264847718972,264847730075,45.458,6.542,462.625,469.167,514.625
2111,update,true,264847909505,264847910561,264847910708,264847922029,44.000,6.125,471.708,477.833,521.833
2112,update,true,264848104837,264848106708,264848106954,264848122096,77.958,10.250,630.917,641.167,719.125
2113,update,true,264848296655,264848298028,264848298218,264848311689,57.208,7.917,561.292,569.208,626.417
2114,update,true,264848491789,264848493165,264848493420,264848509884,57.333,10.625,686.000,696.625,753.958
2115,update,true,264848688225,264848689809,264848690050,264848707203,66.000,10.042,714.708,724.750,790.750
2116,update,true,264848865020,264848866547,264848866754,264848880108,63.625,8.625,556.417,565.042,628.667
2117,update,true,264849052834,264849054934,264849055171,264849072993,87.500,9.875,742.583,752.458,839.958
2118,update,true,264849237178,264849239081,264849239318,264849255448,79.292,9.875,672.083,681.958,761.250
2119,update,true,264849431671,264849433129,264849433330,264849446155,60.750,8.375,534.375,542.750,603.500
2120,update,true,264849644582,264849646360,264849646607,264849661273,74.083,10.292,611.083,621.375,695.458
2121,update,true,264849832390,264849834233,264849834444,264849848743,76.792,8.792,595.792,604.583,681.375
2122,update,true,264850032686,264850034696,264850034955,264850052497,83.750,10.792,730.917,741.708,825.458
2123,update,true,264850230659,264850232807,264850233063,264850249284,89.500,10.667,675.875,686.542,776.042
2124,update,true,264850367939,264850368800,264850368928,264850379192,35.875,5.333,427.667,433.000,468.875
2125,update,true,264850567688,264850568759,264850568893,264850578434,44.625,5.583,397.542,403.125,447.750
2126,update,true,264850756132,264850757114,264850757262,264850766679,40.917,6.167,392.375,398.542,439.458
2127,update,true,264850947263,264850948206,264850948368,264850957272,39.292,6.750,371.000,377.750,417.042
2128,update,true,264851145265,264851146389,264851146515,264851155091,46.833,5.250,357.333,362.583,409.417
2129,update,true,264851335623,264851337304,264851337785,264851350726,70.042,20.042,539.208,559.250,629.292
2130,update,true,264851526794,264851527884,264851528005,264851537007,45.417,5.042,375.083,380.125,425.542
2131,update,true,264851714406,264851716236,264851716438,264851730801,76.250,8.417,598.458,606.875,683.125
2132,update,true,264851908781,264851911171,264851911435,264851929600,99.583,11.000,756.875,767.875,867.458
2133,update,true,264852094121,264852095600,264852095758,264852110337,61.625,6.583,607.458,614.042,675.667
2134,update,true,264852293094,264852294631,264852294846,264852312549,64.042,8.958,737.625,746.583,810.625
2135,update,true,264852486640,264852487798,264852487989,264852503104,48.250,7.958,629.792,637.750,686.000
2136,update,true,264852676407,264852677255,264852677390,264852688693,35.333,5.625,470.958,476.583,511.917
2137,update,true,264852866711,264852867793,264852867962,264852880418,45.083,7.042,519.000,526.042,571.125
2138,update,true,264853045780,264853047438,264853047687,264853063469,69.083,10.375,657.583,667.958,737.042
2139,update,true,264853233097,264853235086,264853235321,264853251057,82.875,9.792,655.667,665.458,748.333
2140,update,true,264853456752,264853457867,264853458017,264853468638,46.458,6.250,442.542,448.792,495.250
2141,update,true,264853644425,264853646062,264853646237,264853659843,68.208,7.292,566.917,574.208,642.417
2142,update,true,264853837109,264853838986,264853839220,264853854379,78.208,9.750,631.625,641.375,719.583
2143,update,true,264854044567,264854045865,264854045999,264854057687,54.083,5.583,487.000,492.583,546.667
2144,update,true,264854230605,264854231678,264854231783,264854242188,44.708,4.375,433.542,437.917,482.625
2145,update,true,264854366293,264854366923,264854367011,264854373977,26.250,3.667,290.250,293.917,320.167
2146,update,true,264854559377,264854560380,264854560498,264854571578,41.792,4.917,461.667,466.583,508.375
2147,update,true,264854754190,264854754918,264854755032,264854763273,30.333,4.750,343.375,348.125,378.458
2148,update,true,264854953879,264854954669,264854954786,264854963014,32.917,4.875,342.833,347.708,380.625
2149,update,true,264855135746,264855137175,264855137596,264855152483,59.542,17.542,620.292,637.833,697.375
2150,update,true,264855329161,264855330324,264855330475,264855341262,48.458,6.292,449.458,455.750,504.208
2151,update,true,264855518719,264855519388,264855519486,264855527629,27.875,4.083,339.292,343.375,371.250
2152,update,true,264855699951,264855700830,264855700953,264855711198,36.625,5.125,426.875,432.000,468.625
2153,update,true,264855885867,264855886497,264855886599,264855895671,26.250,4.250,378.000,382.250,408.500
2154,update,true,264856083356,264856084062,264856084171,264856094128,29.417,4.542,414.875,419.417,448.833
2155,update,true,264856284359,264856284964,264856285081,264856295826,25.208,4.875,447.708,452.583,477.792
2156,update,true,264856464249,264856464905,264856465005,264856473113,27.333,4.167,337.833,342.000,369.333
2157,update,true,264856659718,264856660833,264856660969,264856671287,46.458,5.667,429.917,435.583,482.042
2158,update,true,264856852215,264856854467,264856854711,264856870331,93.833,10.167,650.833,661.000,754.833
2159,update,true,264857041120,264857043044,264857043261,264857059110,80.167,9.042,660.375,669.417,749.583
2160,update,true,264857229672,264857231562,264857231745,264857246589,78.750,7.625,618.500,626.125,704.875
2161,update,true,264857445789,264857447730,264857447947,264857462702,80.875,9.042,614.792,623.833,704.708
2162,update,true,264857633399,264857635218,264857635452,264857651105,75.792,9.750,652.208,661.958,737.750
2163,update,true,264857864299,264857865292,264857865443,264857875162,41.375,6.292,404.958,411.250,452.625
2164,update,true,264858230232,264858231766,264858231916,264858242800,63.917,6.250,453.500,459.750,523.667
2165,update,true,264858355303,264858356171,264858356293,264858365265,36.167,5.083,373.833,378.917,415.083
2166,update,true,264858551284,264858552188,264858552300,264858562483,37.667,4.667,424.292,428.958,466.625
2167,update,true,264858747485,264858748349,264858748570,264858757155,36.000,9.208,357.708,366.917,402.917
2168,update,true,264858938582,264858940957,264858941111,264858952685,98.958,6.417,482.250,488.667,587.625
2169,update,true,264859127730,264859128920,264859129084,264859141510,49.583,6.833,517.750,524.583,574.167
2170,update,true,264859314780,264859316230,264859316378,264859328918,60.417,6.167,522.500,528.667,589.083
2171,update,true,264859505740,264859506968,264859507112,264859518672,51.167,6.000,481.667,487.667,538.833
2172,update,true,264859693623,264859694862,264859695004,264859704914,51.625,5.917,412.917,418.833,470.458
2173,update,true,264859875706,264859876596,264859876708,264859887320,37.083,4.667,442.167,446.833,483.917
2174,update,true,264860065438,264860066049,264860066147,264860072896,25.458,4.083,281.208,285.292,310.750
2175,update,true,264860257398,264860258384,264860258500,264860266513,41.083,4.833,333.875,338.708,379.792
2176,update,true,264860445648,264860446675,264860446812,264860455617,42.792,5.708,366.875,372.583,415.375
2177,update,true,264860632279,264860632988,264860633083,264860640349,29.542,3.958,302.750,306.708,336.250
2178,update,true,264860823825,264860824584,264860824691,264860831959,31.625,4.458,302.833,307.292,338.917
2179,update,true,264861015675,264861016464,264861016581,264861024217,32.875,4.875,318.167,323.042,355.917
2180,update,true,264861222157,264861223076,264861223188,264861232279,38.292,4.667,378.792,383.458,421.750
2181,update,true,264861416424,264861417159,264861417282,264861425421,30.625,5.125,339.125,344.250,374.875
2182,update,true,264861620357,264861621400,264861621540,264861631348,43.458,5.833,408.667,414.500,457.958
2183,update,true,264861838757,264861839520,264861839623,264861847971,31.792,4.292,347.833,352.125,383.917
2184,update,true,264862015692,264862017129,264862017309,264862028755,59.875,7.500,476.917,484.417,544.292
2185,update,true,264862156475,264862157175,264862157272,264862166802,29.167,4.042,397.083,401.125,430.292
2186,update,true,264862350029,264862350858,264862350996,264862361793,34.542,5.750,449.875,455.625,490.167
2187,update,true,264862543232,264862543991,264862544114,264862553024,31.625,5.125,371.250,376.375,408.000
2188,update,true,264862735539,264862736422,264862736540,264862744960,36.792,4.917,350.833,355.750,392.542
2189,update,true,264862928527,264862929631,264862929778,264862939390,46.000,6.125,400.500,406.625,452.625
2190,update,true,264863123300,264863124760,264863124915,264863137105,60.833,6.458,507.917,514.375,575.208
2191,update,true,264863299705,264863300416,264863300521,264863307474,29.625,4.375,289.708,294.083,323.708
2192,update,true,264863492733,264863493478,264863493593,264863500532,31.042,4.792,289.125,293.917,324.958
2193,update,true,264863678089,264863678985,264863679108,264863688516,37.333,5.125,392.000,397.125,434.458
2194,update,true,264863873068,264863873854,264863873980,264863883717,32.750,5.250,405.708,410.958,443.708
2195,update,true,264864062928,264864063801,264864063930,264864071955,36.375,5.375,334.375,339.750,376.125
2196,update,true,264864260406,264864261148,264864261259,264864268523,30.917,4.625,302.667,307.292,338.208
2197,update,true,264864462816,264864463530,264864463641,264864472351,29.750,4.625,362.917,367.542,397.292
2198,update,true,264864645720,264864647111,264864647282,264864658309,57.958,7.125,459.458,466.583,524.542
2199,update,true,264864854004,264864855117,264864855236,264864865029,46.375,4.958,408.042,413.000,459.375
2200,update,true,264865039022,264865040391,264865040567,264865053548,57.042,7.333,540.875,548.208,605.250
2201,update,true,264865260194,264865261018,264865261137,264865269249,34.333,4.958,338.000,342.958,377.292
2202,update,true,264865449985,264865450681,264865450783,264865457698,29.000,4.250,288.125,292.375,321.375
2203,update,true,264865647671,264865648342,264865648458,264865655286,27.958,4.833,284.500,289.333,317.292
2204,update,true,264865820016,264865821122,264865821256,264865834125,46.083,5.583,536.208,541.792,587.875
2205,update,true,264865965696,264865966747,264865966893,264865978188,43.792,6.083,470.625,476.708,520.500
2206,update,true,264866156192,264866156953,264866157049,264866166425,31.708,4.000,390.667,394.667,426.375
2207,update,true,264866352479,264866353284,264866353408,264866363604,33.542,5.167,424.833,430.000,463.542
2208,update,true,264866553501,264866554164,264866554260,264866563214,27.625,4.000,373.083,377.083,404.708
2209,update,true,264866733695,264866734556,264866734693,264866745273,35.875,5.708,440.833,446.542,482.417
2210,update,true,264866930417,264866931102,264866931198,264866940832,28.542,4.000,401.417,405.417,433.958
2211,update,true,264867115158,264867117826,264867117965,264867131901,111.167,5.792,580.667,586.458,697.625
2212,update,true,264867285776,264867286428,264867286536,264867296274,27.167,4.500,405.750,410.250,437.417
2213,update,true,264867487284,264867488055,264867488186,264867497537,32.125,5.458,389.625,395.083,427.208
2214,update,true,264867680817,264867681250,264867681322,264867686506,18.042,3.000,216.000,219.000,237.042
2215,update,true,264867867714,264867868305,264867868405,264867874047,24.625,4.167,235.083,239.250,263.875
2216,update,true,264868055815,264868056478,264868056583,264868064744,27.625,4.375,340.042,344.417,372.042
2217,update,true,264868262668,264868263350,264868263451,264868273450,28.417,4.208,416.625,420.833,449.250
2218,update,true,264868435961,264868436777,264868436892,264868446261,34.000,4.792,390.375,395.167,429.167
2219,update,true,264868621779,264868622485,264868622593,264868632847,29.417,4.500,427.250,431.750,461.167
2220,update,true,264868857850,264868858497,264868858590,264868866529,26.958,3.875,330.792,334.667,361.625
2221,update,true,264869042518,264869043396,264869043510,264869056110,36.583,4.750,525.000,529.750,566.333
2222,update,true,264869244687,264869245422,264869245519,264869255342,30.625,4.042,409.292,413.333,443.958
2223,update,true,264869455541,264869456272,264869456370,264869465743,30.458,4.083,390.542,394.625,425.083
2224,update,true,264869634157,264869634897,264869634996,264869644708,30.833,4.125,404.667,408.792,439.625
2225,update,true,264869765270,264869766232,264869766343,264869777122,40.083,4.625,449.125,453.750,493.833
2226,update,true,264869955739,264869956593,264869956702,264869966216,35.583,4.542,396.417,400.958,436.542
2227,update,true,264870147222,264870148089,264870148208,264870158898,36.125,4.958,445.417,450.375,486.500
2228,update,true,264870339534,264870340374,264870340481,264870351177,35.000,4.458,445.667,450.125,485.125
2229,update,true,264870541006,264870543142,264870543291,264870556739,89.000,6.208,560.333,566.542,655.542
2230,update,true,264870734286,264870735672,264870735858,264870753489,57.750,7.750,734.625,742.375,800.125
2231,update,true,264870932523,264870933769,264870933936,264870949813,51.917,6.958,661.542,668.500,720.417
2232,update,true,264871108538,264871109882,264871110048,264871122905,56.000,6.917,535.708,542.625,598.625
2233,update,true,264871301669,264871302996,264871303177,264871321261,55.292,7.542,753.500,761.042,816.333
2234,update,true,264871497629,264871498536,264871498664,264871510256,37.792,5.333,483.000,488.333,526.125
2235,update,true,264871690159,264871691214,264871691392,264871703695,43.958,7.417,512.625,520.042,564.000
2236,update,true,264871862163,264871863000,264871863145,264871891262,34.875,6.042,1171.542,1177.583,1212.458
2237,update,true,264872067573,264872068485,264872068653,264872080625,38.000,7.000,498.833,505.833,543.833
2238,update,true,264872253882,264872255079,264872255290,264872269099,49.875,8.792,575.375,584.167,634.042
2239,update,true,264872443440,264872444565,264872444704,264872456698,46.875,5.792,499.750,505.542,552.417
2240,update,true,264872646440,264872647078,264872647187,264872657273,26.583,4.542,420.250,424.792,451.375
2241,update,true,264872863661,264872864518,264872864635,264872874766,35.708,4.875,422.125,427.000,462.708
2242,update,true,264873021794,264873023130,264873023271,264873040443,55.667,5.875,715.500,721.375,777.042
2243,update,true,264873264299,264873265020,264873265128,264873276017,30.042,4.500,453.708,458.208,488.250
2244,update,true,264873426718,264873428145,264873428371,264873443081,59.458,9.417,612.917,622.333,681.792
2245,update,true,264873771658,264873773610,264873773829,264873791004,81.333,9.125,715.625,724.750,806.083
2246,update,true,264873969663,264873971607,264873971833,264873990356,81.000,9.417,771.792,781.208,862.208
2247,update,true,264874152818,264874155430,264874155717,264874177560,108.833,11.958,910.125,922.083,1030.917
2248,update,true,264874327653,264874328652,264874328788,264874339019,41.625,5.667,426.292,431.958,473.583
2249,update,true,264874517002,264874517926,264874518038,264874528073,38.500,4.667,418.125,422.792,461.292
2250,update,true,264874704968,264874705887,264874706003,264874715522,38.292,4.833,396.625,401.458,439.750
2251,update,true,264874909998,264874910865,264874910981,264874920482,36.125,4.833,395.875,400.708,436.833
2252,update,true,264875083196,264875083818,264875083902,264875091078,25.917,3.500,299.000,302.500,328.417
2253,update,true,264875271632,264875272272,264875272352,264875279449,26.667,3.333,295.708,299.042,325.708
2254,update,true,264875470852,264875471549,264875471643,264875478922,29.042,3.917,303.292,307.208,336.250
2255,update,true,264875658634,264875659517,264875659620,264875668924,36.792,4.292,387.667,391.958,428.750
2256,update,true,264875852101,264875853020,264875853140,264875861687,38.292,5.000,356.125,361.125,399.417
2257,update,true,264876208950,264876209683,264876209783,264876217648,30.542,4.167,327.708,331.875,362.417
2258,update,true,264876243236,264876243618,264876243678,264876249845,15.917,2.500,256.958,259.458,275.375
2259,update,true,264876417546,264876418513,264876418638,264876428155,40.292,5.208,396.542,401.750,442.042
2260,update,true,264876626600,264876627413,264876627532,264876637249,33.875,4.958,404.875,409.833,443.708
2261,update,true,264876805929,264876806841,264876806962,264876817103,38.000,5.042,422.542,427.583,465.583
2262,update,true,264877029415,264877029941,264877030018,264877037440,21.917,3.208,309.250,312.458,334.375
2263,update,true,264877216152,264877217050,264877217175,264877227891,37.417,5.208,446.500,451.708,489.125
2264,update,true,264877402024,264877402863,264877402971,264877412596,34.958,4.500,401.042,405.542,440.500
2265,update,true,264877562892,264877563520,264877563605,264877571798,26.167,3.542,341.375,344.917,371.083
2266,update,true,264877747129,264877747829,264877747921,264877756461,29.167,3.833,355.833,359.667,388.833
2267,update,true,264877940570,264877941269,264877941371,264877950343,29.125,4.250,373.833,378.083,407.208
2268,update,true,264878134497,264878135152,264878135240,264878142855,27.292,3.667,317.292,320.958,348.250
2269,update,true,264878322470,264878323110,264878323205,264878333755,26.667,3.958,439.583,443.542,470.208
2270,update,true,264878513311,264878514252,264878514374,264878524578,39.208,5.083,425.167,430.250,469.458
2271,update,true,264878708690,264878709522,264878709631,264878719411,34.667,4.542,407.500,412.042,446.708
2272,update,true,264878892261,264878892890,264878892991,264878903189,26.208,4.208,424.917,429.125,455.333
2273,update,true,264879083911,264879084417,264879084515,264879092646,21.083,4.083,338.792,342.875,363.958
2274,update,true,264879280652,264879281275,264879281373,264879294929,25.958,4.083,564.833,568.917,594.875
2275,update,true,264879467084,264879467610,264879467691,264879474075,21.917,3.375,266.000,269.375,291.292
2276,update,true,264879660534,264879661162,264879661260,264879671514,26.167,4.083,427.250,431.333,457.500
2277,update,true,264879848161,264879850066,264879850289,264879870670,79.375,9.292,849.208,858.500,937.875
2278,update,true,264880046324,264880047861,264880048015,264880059740,64.042,6.417,488.542,494.958,559.000
2279,update,true,264880263143,264880264474,264880264616,264880275278,55.458,5.917,444.250,450.167,505.625
2280,update,true,264880455877,264880457029,264880457217,264880491297,48.000,7.833,1420.000,1427.833,1475.833
2281,update,true,264880641375,264880642389,264880642549,264880659144,42.250,6.667,691.458,698.125,740.375
2282,update,true,264880841061,264880842514,264880842679,264880864203,60.542,6.875,896.833,903.708,964.250
2283,update,true,264881074959,264881076489,264881076673,264881094254,63.750,7.667,732.542,740.208,803.958
2284,update,true,264881237129,264881238291,264881238449,264881276357,48.417,6.583,1579.500,1586.083,1634.500
2285,update,true,264881426585,264881427560,264881427711,264881440959,40.625,6.292,552.000,558.292,598.917
2286,update,true,264881566847,264881567822,264881567979,264881582093,40.625,6.542,588.083,594.625,635.250
2287,update,true,264881760238,264881762672,264881762942,264881788065,101.417,11.250,1046.792,1058.042,1159.458
2288,update,true,264881949975,264881951050,264881951210,264881964748,44.792,6.667,564.083,570.750,615.542
2289,update,true,264882146520,264882147990,264882148202,264882163013,61.250,8.833,617.125,625.958,687.208
2290,update,true,264882331432,264882332624,264882332798,264882346071,49.667,7.250,553.042,560.292,609.958
2291,update,true,264882503946,264882504769,264882504891,264882515062,34.292,5.083,423.792,428.875,463.167
2292,update,true,264882695284,264882695930,264882696019,264882704211,26.917,3.708,341.333,345.042,371.958
2293,update,true,264882890268,264882890914,264882891006,264882899891,26.917,3.833,370.208,374.042,400.958
2294,update,true,264883079307,264883079706,264883079779,264883085272,16.625,3.042,228.875,231.917,248.542
2295,update,true,264883271367,264883271809,264883271882,264883278207,18.417,3.042,263.542,266.583,285.000
2296,update,true,264883457701,264883458236,264883458311,264883466254,22.292,3.125,330.958,334.083,356.375
2297,update,true,264883647751,264883648765,264883648900,264883660637,42.250,5.625,489.042,494.667,536.917
2298,update,true,264883859394,264883860112,264883860220,264883871045,29.917,4.500,451.042,455.542,485.458
2299,update,true,264884054896,264884055712,264884055852,264884066422,34.000,5.833,440.417,446.250,480.250
2300,update,true,264884299663,264884300610,264884300732,264884313386,39.458,5.083,527.250,532.333,571.792
2301,update,true,264884481214,264884482055,264884482165,264884493078,35.042,4.583,454.708,459.292,494.333
2302,update,true,264884634876,264884635858,264884635998,264884647979,40.917,5.833,499.208,505.042,545.958
2303,update,true,264884831473,264884832392,264884832524,264884843262,38.292,5.500,447.417,452.917,491.208
2304,update,true,264885038448,264885039938,264885040113,264885054956,62.083,7.292,618.458,625.750,687.833
2305,update,true,264885209660,264885210938,264885211099,264885223771,53.250,6.708,528.000,534.708,587.958
2306,update,true,264885361457,264885362527,264885362671,264885374863,44.583,6.000,508.000,514.000,558.583
2307,update,true,264885548358,264885549431,264885549568,264885561545,44.708,5.708,499.042,504.750,549.458
2308,update,true,264885741284,264885742390,264885742530,264885753934,46.083,5.833,475.167,481.000,527.083
2309,update,true,264886319708,264886320820,264886320958,264886333031,46.333,5.750,503.042,508.792,555.125
2310,update,true,264886503664,264886504376,264886504479,264886513556,29.667,4.292,378.208,382.500,412.167
2311,update,true,264886691869,264886693060,264886693195,264886705108,49.625,5.625,496.375,502.000,551.625
2312,update,true,264886890828,264886891649,264886891754,264886901654,34.208,4.375,412.500,416.875,451.083
2313,update,true,264887077467,264887078146,264887078253,264887087051,28.292,4.458,366.583,371.042,399.333
2314,update,true,264887273851,264887274676,264887274790,264887284557,34.375,4.750,406.958,411.708,446.083
2315,update,true,264887454450,264887455254,264887455359,264887465085,33.500,4.375,405.250,409.625,443.125
2316,update,true,264887647212,264887647892,264887647980,264887656754,28.333,3.667,365.583,369.250,397.583
2317,update,true,264887874145,264887875011,264887875121,264887885632,36.083,4.583,437.958,442.542,478.625
2318,update,true,264888055602,264888056283,264888056377,264888065193,28.375,3.917,367.333,371.250,399.625
2319,update,true,264888251132,264888252124,264888252244,264888263478,41.333,5.000,468.083,473.083,514.417
2320,update,true,264888454767,264888455726,264888455852,264888466647,39.958,5.250,449.792,455.042,495.000
2321,update,true,264888647228,264888648094,264888648195,264888659067,36.083,4.208,453.000,457.208,493.292
2322,update,true,264888845428,264888846627,264888846766,264888859678,49.958,5.792,538.000,543.792,593.750
2323,update,true,264889051528,264889052831,264889052987,264889064858,54.292,6.500,494.625,501.125,555.417
2324,update,true,264889170888,264889172071,264889172200,264889182749,49.292,5.375,439.542,444.917,494.208
2325,update,true,264889353749,264889354856,264889354997,264889367034,46.125,5.875,501.542,507.417,553.542
2326,update,true,264889549814,264889550757,264889550916,264889564387,39.292,6.625,561.292,567.917,607.208
2327,update,true,264889746965,264889748522,264889748688,264889760638,64.875,6.917,497.917,504.833,569.708
2328,update,true,264889935680,264889936895,264889937007,264889946376,50.625,4.667,390.375,395.042,445.667
2329,update,true,264890126872,264890128183,264890128390,264890142489,54.625,8.625,587.458,596.083,650.708
2330,update,true,264890310149,264890311163,264890311314,264890323377,42.250,6.292,502.625,508.917,551.167
2331,update,true,264890494567,264890495405,264890495516,264890505296,34.917,4.625,407.500,412.125,447.042
2332,update,true,264890721241,264890722746,264890722919,264890741460,62.708,7.208,772.542,779.750,842.458
2333,update,true,264890887619,264890888335,264890888438,264890897800,29.833,4.292,390.083,394.375,424.208
2334,update,true,264891084449,264891085147,264891085285,264891097189,29.083,5.750,496.000,501.750,530.833
2335,update,true,264891263165,264891264447,264891264646,264891277685,53.417,8.292,543.292,551.583,605.000
2336,update,true,264891637931,264891639931,264891640185,264891658308,83.333,10.583,755.125,765.708,849.042
2337,update,true,264891661960,264891662418,264891662497,264891682175,19.083,3.292,819.917,823.208,842.292
2338,update,true,264891826405,264891828414,264891828682,264891846230,83.708,11.167,731.167,742.333,826.042
2339,update,true,264892052800,264892054709,264892054902,264892071445,79.542,8.042,689.292,697.333,776.875
2340,update,true,264892235152,264892237029,264892237278,264892253802,78.208,10.375,688.500,698.875,777.083
2341,update,true,264892425750,264892427142,264892427283,264892441015,58.000,5.875,572.167,578.042,636.042
2342,update,true,264892649057,264892649892,264892650014,264892661047,34.792,5.083,459.708,464.792,499.583
2343,update,true,264892818938,264892820419,264892820571,264892836781,61.708,6.333,675.417,681.750,743.458
2344,update,true,264892964989,264892965672,264892965772,264892974998,28.458,4.167,384.417,388.583,417.042
2345,update,true,264893160539,264893162145,264893162319,264893173585,66.917,7.250,469.417,476.667,543.583
2346,update,true,264893354407,264893355210,264893355331,264893365316,33.458,5.042,416.042,421.083,454.542
2347,update,true,264893544983,264893545665,264893545772,264893554966,28.417,4.458,383.083,387.542,415.958
2348,update,true,264893736163,264893737713,264893737905,264893752313,64.583,8.000,600.333,608.333,672.917
2349,update,true,264893933622,264893934681,264893934828,264893946202,44.125,6.125,473.917,480.042,524.167
2350,update,true,264894118670,264894119374,264894119474,264894130810,29.333,4.167,472.333,476.500,505.833
2351,update,true,264894305760,264894306419,264894306526,264894315532,27.458,4.458,375.250,379.708,407.167
2352,update,true,264894499346,264894499938,264894500028,264894508984,24.667,3.750,373.167,376.917,401.583
2353,update,true,264894681832,264894682233,264894682305,264894689817,16.708,3.000,313.000,316.000,332.708
2354,update,true,264894883146,264894883675,264894883781,264894891090,22.042,4.417,304.542,308.958,331.000
2355,update,true,264895066941,264895067491,264895067583,264895074542,22.917,3.833,289.958,293.792,316.708
2356,update,true,264895278712,264895279329,264895279428,264895288769,25.708,4.125,389.208,393.333,419.042
2357,update,true,264895457473,264895457986,264895458072,264895466447,21.375,3.583,348.958,352.542,373.917
2358,update,true,264895665450,264895666525,264895666662,264895677350,44.792,5.708,445.333,451.042,495.833
2359,update,true,264895859527,264895861202,264895861399,264895875776,69.792,8.208,599.042,607.250,677.042
2360,update,true,264896033566,264896034648,264896034795,264896046620,45.083,6.125,492.708,498.833,543.917
2361,update,true,264896228367,264896229389,264896229521,264896242731,42.583,5.500,550.417,555.917,598.500
2362,update,true,264896455620,264896456542,264896456661,264896466715,38.417,4.958,418.917,423.875,462.292
2363,update,true,264896617835,264896618881,264896619019,264896629896,43.583,5.750,453.208,458.958,502.542
2364,update,true,264896768959,264896770012,264896770156,264896781388,43.875,6.000,468.000,474.000,517.875
2365,update,true,264896956478,264896957347,264896957477,264896969294,36.208,5.417,492.375,497.792,534.000
2366,update,true,264897153075,264897153900,264897154022,264897163586,34.375,5.083,398.500,403.583,437.958
2367,update,true,264897334577,264897335291,264897335389,264897344734,29.750,4.083,389.375,393.458,423.208
2368,update,true,264897524437,264897525029,264897525117,264897533594,24.667,3.667,353.208,356.875,381.542
2369,update,true,264897719751,264897720781,264897720914,264897731327,42.917,5.542,433.875,439.417,482.333
2370,update,true,264897902861,264897903380,264897903457,264897911600,21.625,3.208,339.292,342.500,364.125
2371,update,true,264898098185,264898098708,264898098784,264898106782,21.792,3.167,333.250,336.417,358.208
2372,update,true,264898291338,264898291856,264898291935,264898300441,21.583,3.292,354.417,357.708,379.292
2373,update,true,264898478948,264898479341,264898479414,264898485203,16.375,3.042,241.208,244.250,260.625
2374,update,true,264898677347,264898677870,264898677946,264898685371,21.792,3.167,309.375,312.542,334.333
2375,update,true,264898860419,264898860904,264898860980,264898865986,20.208,3.167,208.583,211.750,231.958
2376,update,true,264899062638,264899063251,264899063339,264899072550,25.542,3.667,383.792,387.458,413.000
2377,update,true,264899268592,264899269335,264899269441,264899277168,30.958,4.417,321.958,326.375,357.333
2378,update,true,264899486537,264899487947,264899488155,264899505316,58.750,8.667,715.042,723.708,782.458
2379,update,true,264899655030,264899655948,264899656105,264899667738,38.250,6.542,484.708,491.250,529.500
2380,update,true,264899858896,264899860074,264899860252,264899892257,49.083,7.417,1333.542,1340.958,1390.042
2381,update,true,264900069303,264900070075,264900070203,264900078683,32.167,5.333,353.333,358.667,390.833
2382,update,true,264900252423,264900253309,264900253458,264900264101,36.917,6.208,443.458,449.667,486.583
2383,update,true,264900448862,264900450797,264900451053,264900469086,80.625,10.667,751.375,762.042,842.667
2384,update,true,264900620403,264900621890,264900622076,264900636090,61.958,7.750,583.917,591.667,653.625
2385,update,true,264900764269,264900765038,264900765145,264900775777,32.042,4.458,443.000,447.458,479.500
2386,update,true,264900953262,264900953946,264900954053,264900965172,28.500,4.458,463.292,467.750,496.250
2387,update,true,264901148146,264901148887,264901148999,264901155938,30.875,4.667,289.125,293.792,324.667
2388,update,true,264901326432,264901327206,264901327314,264901335146,32.250,4.500,326.333,330.833,363.083
2389,update,true,264901515776,264901516689,264901516793,264901523925,38.042,4.333,297.167,301.500,339.542
2390,update,true,264901707716,264901708460,264901708568,264901715718,31.000,4.500,297.917,302.417,333.417
2391,update,true,264901897450,264901898391,264901898504,264901906150,39.208,4.708,318.583,323.292,362.500
2392,update,true,264902087348,264902088087,264902088195,264902095891,30.792,4.500,320.667,325.167,355.958
2393,update,true,264902275081,264902275757,264902275854,264902282751,28.167,4.042,287.375,291.417,319.583
2394,update,true,264902471288,264902471984,264902472088,264902482027,29.000,4.333,414.125,418.458,447.458
2395,update,true,264902660527,264902661487,264902661621,264902670293,40.000,5.583,361.333,366.917,406.917
2396,update,true,264902853313,264902854345,264902854485,264902863894,43.000,5.833,392.042,397.875,440.875
2397,update,true,264903043359,264903044298,264903044418,264903053932,39.125,5.000,396.417,401.417,440.542
2398,update,true,264903228362,264903229112,264903229219,264903236671,31.250,4.458,310.500,314.958,346.208
2399,update,true,264903420028,264903420872,264903420989,264903431143,35.167,4.875,423.083,427.958,463.125
2400,update,true,264903615847,264903616897,264903617027,264903625583,43.750,5.417,356.500,361.917,405.667
2401,update,true,264903813875,264903814798,264903814926,264903824469,38.458,5.333,397.625,402.958,441.417
2402,update,true,264904020803,264904021895,264904022049,264904031562,45.500,6.417,396.375,402.792,448.292
2403,update,true,264904214075,264904215019,264904215155,264904223644,39.333,5.667,353.708,359.375,398.708
2404,update,true,264904426459,264904427120,264904427221,264904434448,27.542,4.208,301.125,305.333,332.875
2405,update,true,264904558959,264904559893,264904559984,264904566664,38.917,3.792,278.333,282.125,321.042
2406,update,true,264904750463,264904751439,264904751575,264904760660,40.667,5.667,378.542,384.208,424.875
2407,update,true,264904942439,264904943344,264904943463,264904951211,37.708,4.958,322.833,327.792,365.500
2408,update,true,264905126120,264905126811,264905126910,264905132978,28.792,4.125,252.833,256.958,285.750
2409,update,true,264905323656,264905324478,264905324564,264905332119,34.250,3.583,314.792,318.375,352.625
2410,update,true,264905512389,264905513050,264905513135,264905519122,27.542,3.542,249.458,253.000,280.542
2411,update,true,264905699915,264905700338,264905700397,264905705262,17.625,2.458,202.708,205.167,222.792
2412,update,true,264905891118,264905891648,264905891714,264905896444,22.083,2.750,197.083,199.833,221.917
2413,update,true,264906078217,264906078791,264906078867,264906086719,23.917,3.167,327.167,330.333,354.250
2414,update,true,264906277355,264906277759,264906277816,264906282512,16.833,2.375,195.667,198.042,214.875
2415,update,true,264906462764,264906463115,264906463173,264906468036,14.625,2.417,202.625,205.042,219.667
2416,update,true,264906652280,264906652909,264906652991,264906658349,26.208,3.417,223.250,226.667,252.875
2417,update,true,264906842260,264906842759,264906842831,264906848023,20.792,3.000,216.333,219.333,240.125
2418,update,true,264907032148,264907032503,264907032562,264907036774,14.792,2.458,175.500,177.958,192.750
2419,update,true,264907248806,264907249600,264907249716,264907257379,33.083,4.833,319.292,324.125,357.208
2420,update,true,264907428662,264907429203,264907429279,264907435180,22.542,3.167,245.875,249.042,271.583
2421,update,true,264907639035,264907639580,264907639671,264907645452,22.708,3.792,240.875,244.667,267.375
2422,update,true,264907847202,264907847838,264907847917,264907854746,26.500,3.292,284.542,287.833,314.333
2423,update,true,264908043775,264908044353,264908044449,264908051774,24.083,4.000,305.208,309.208,333.292
2424,update,true,264908274081,264908274700,264908274782,264908281116,25.792,3.417,263.917,267.333,293.125
2425,update,true,264908365592,264908366183,264908366260,264908372449,24.625,3.208,257.875,261.083,285.708
2426,update,true,264908556480,264908557321,264908557452,264908565632,35.042,5.458,340.833,346.292,381.333
2427,update,true,264908746300,264908747429,264908747553,264908756629,47.042,5.167,378.167,383.333,430.375
2428,update,true,264908940868,264908941983,264908942124,264908951500,46.458,5.875,390.667,396.542,443.000
2429,update,true,264909129186,264909130129,264909130262,264909138767,39.292,5.542,354.375,359.917,399.208
2430,update,true,264909316294,264909316930,264909317025,264909325940,26.500,3.958,371.458,375.417,401.917
2431,update,true,264909504425,264909505063,264909505164,264909512067,26.583,4.208,287.625,291.833,318.417
2432,update,true,264909699765,264909700365,264909700460,264909709654,25.000,3.958,383.083,387.042,412.042
2433,update,true,264909895369,264909896750,264909897483,264909910840,57.542,30.542,556.542,587.083,644.625
2434,update,true,264910086000,264910087167,264910087289,264910099405,48.625,5.083,504.833,509.917,558.542
2435,update,true,264910285328,264910286405,264910286536,264910299084,44.875,5.458,522.833,528.292,573.167
2436,update,true,264910471703,264910472462,264910472570,264910483607,31.625,4.500,459.875,464.375,496.000
2437,update,true,264910665529,264910667680,264910667930,264910687757,89.625,10.417,826.125,836.542,926.167
2438,update,true,264910850883,264910852188,264910852374,264910864594,54.375,7.750,509.167,516.917,571.292
2439,update,true,264911063895,264911065595,264911065799,264911082990,70.833,8.500,716.292,724.792,795.625
2440,update,true,264911253571,264911255032,264911255269,264911268022,60.875,9.875,531.375,541.250,602.125
2441,update,true,264911449021,264911451160,264911451437,264911469661,89.125,11.542,759.333,770.875,860.000
2442,update,true,264911648498,264911650446,264911650659,264911665196,81.167,8.875,605.708,614.583,695.750
2443,update,true,264911858712,264911860199,264911860387,264911872904,61.958,7.833,521.542,529.375,591.333
2444,update,true,264912052698,264912054349,264912054560,264912068085,68.792,8.792,563.542,572.333,641.125
2445,update,true,264912246630,264912248115,264912248300,264912260690,61.875,7.708,516.250,523.958,585.833
2446,update,true,264912363816,264912364741,264912364853,264912372964,38.542,4.667,337.958,342.625,381.167
2447,update,true,264912553330,264912554261,264912554512,264912562475,38.792,10.458,331.792,342.250,381.042
2448,update,true,264912745474,264912746175,264912746273,264912754022,29.208,4.083,322.875,326.958,356.167
2449,update,true,264912935216,264912935763,264912935853,264912942239,22.792,3.750,266.083,269.833,292.625
2450,update,true,264913128658,264913129274,264913129356,264913135258,25.667,3.417,245.917,249.333,275.000
2451,update,true,264913319282,264913320081,264913320160,264913327430,33.292,3.292,302.917,306.208,339.500
2452,update,true,264913510153,264913510700,264913510780,264913516928,22.792,3.333,256.167,259.500,282.292
2453,update,true,264913699998,264913700509,264913700594,264913710192,21.292,3.542,399.917,403.458,424.750
2454,update,true,264913888048,264913888575,264913888670,264913897096,21.958,3.958,351.083,355.042,377.000
2455,update,true,264914083638,264914084284,264914084380,264914095063,26.917,4.000,445.125,449.125,476.042
2456,update,true,264914264294,264914264816,264914264899,264914270502,21.750,3.458,233.458,236.917,258.667
2457,update,true,264914461023,264914462568,264914462750,264914478807,64.375,7.583,669.042,676.625,741.000
2458,update,true,264914662208,264914663379,264914663554,264914700592,48.792,7.292,1543.250,1550.542,1599.333
2459,update,true,264914861335,264914861971,264914862073,264914891267,26.500,4.250,1216.417,1220.667,1247.167
2460,update,true,264915064186,264915064817,264915064916,264915093581,26.292,4.125,1194.375,1198.500,1224.792
2461,update,true,264915265423,264915267581,264915267707,264915300055,89.917,5.250,1347.833,1353.083,1443.000
2462,update,true,264915451161,264915453070,264915453311,264915486444,79.542,10.042,1380.542,1390.583,1470.125
2463,update,true,264915629660,264915631371,264915631626,264915649243,71.292,10.625,734.042,744.667,815.958
2464,update,true,264915837292,264915838814,264915839019,264915855540,63.417,8.542,688.375,696.917,760.333
2465,update,true,264916015255,264916016681,264916016846,264916034438,59.417,6.875,733.000,739.875,799.292
2466,update,true,264916167391,264916168219,264916168335,264916178824,34.500,4.833,437.042,441.875,476.375
2467,update,true,264916360237,264916361101,264916361239,264916372632,36.000,5.750,474.708,480.458,516.458
2468,update,true,264916556352,264916557109,264916557244,264916568205,31.542,5.625,456.708,462.333,493.875
2469,update,true,264916747556,264916748431,264916748545,264916758414,36.458,4.750,411.208,415.958,452.417
2470,update,true,264916943214,264916944169,264916944301,264916954210,39.792,5.500,412.875,418.375,458.167
2471,update,true,264917130647,264917131889,264917132096,264917147426,51.750,8.625,638.750,647.375,699.125
2472,update,true,264917320715,264917322157,264917322323,264917337307,60.083,6.917,624.333,631.250,691.333
2473,update,true,264917508038,264917509316,264917509496,264917524657,53.250,7.500,631.708,639.208,692.458
2474,update,true,264917695814,264917697118,264917697312,264917712474,54.333,8.083,631.750,639.833,694.167
2475,update,true,264917890099,264917891316,264917891519,264917908765,50.708,8.458,718.583,727.042,777.750
2476,update,true,264918091806,264918093225,264918093447,264918109131,59.125,9.250,653.500,662.750,721.875
2477,update,true,264918287903,264918289379,264918289596,264918306228,61.500,9.042,693.000,702.042,763.542
2478,update,true,264918462324,264918463578,264918463771,264918474824,52.250,8.042,460.542,468.583,520.833
2479,update,true,264918654021,264918655651,264918655868,264918671343,67.917,9.042,644.792,653.833,721.750
2480,update,true,264918838152,264918839833,264918840071,264918857772,70.042,9.917,737.542,747.458,817.500
2481,update,true,264919034575,264919036264,264919036447,264919052342,70.375,7.625,662.292,669.917,740.292
2482,update,true,264919237118,264919239083,264919239291,264919255291,81.875,8.667,666.667,675.333,757.208
2483,update,true,264919430990,264919433026,264919433249,264919450610,84.833,9.292,723.375,732.667,817.500
2484,update,true,264919626413,264919627824,264919628048,264919642784,58.792,9.333,614.000,623.333,682.125
2485,update,true,264919820724,264919822013,264919822154,264919835592,53.708,5.875,559.917,565.792,619.500
2486,update,true,264919966511,264919967310,264919967416,264919977123,33.292,4.417,404.458,408.875,442.167
2487,update,true,264920162986,264920163777,264920163919,264920173215,32.958,5.917,387.333,393.250,426.208
2488,update,true,264920359783,264920360546,264920360646,264920371147,31.792,4.167,437.542,441.708,473.500
2489,update,true,264920549625,264920550331,264920550430,264920561434,29.417,4.125,458.500,462.625,492.042
2490,update,true,264920731948,264920732591,264920732685,264920741063,26.792,3.917,349.083,353.000,379.792
2491,update,true,264920923449,264920924365,264920924488,264920935050,38.167,5.125,440.083,445.208,483.375
2492,update,true,264921115660,264921116691,264921116814,264921128048,42.958,5.125,468.083,473.208,516.167
2493,update,true,264921302354,264921303329,264921303459,264921314035,40.625,5.417,440.667,446.083,486.708
2494,update,true,264921497928,264921498838,264921498975,264921510783,37.917,5.708,492.000,497.708,535.625
2495,update,true,264921685110,264921685920,264921686045,264921697329,33.750,5.208,470.167,475.375,509.125
2496,update,true,264921882990,264921883828,264921883939,264921894339,34.917,4.625,433.333,437.958,472.875
2497,update,true,264922064879,264922065510,264922065591,264922072317,26.292,3.375,280.250,283.625,309.917
2498,update,true,264922260494,264922261275,264922261401,264922270929,32.542,5.250,397.000,402.250,434.792
2499,update,true,264922451972,264922452989,264922453115,264922464189,42.375,5.250,461.417,466.667,509.042
2500,update,true,264922667381,264922668228,264922668362,264922676521,35.292,5.583,339.958,345.542,380.833
2501,update,true,264922852866,264922854104,264922854219,264922864991,51.583,4.792,448.833,453.625,505.208
2502,update,true,264923055613,264923056872,264923057072,264923070147,52.458,8.333,544.792,553.125,605.583
2503,update,true,264923234139,264923235903,264923236123,264923251976,73.500,9.167,660.542,669.708,743.208
2504,update,true,264923428926,264923430424,264923430583,264923445126,62.417,6.625,605.958,612.583,675.000
2505,update,true,264923624213,264923625801,264923625954,264923640931,66.167,6.375,624.042,630.417,696.583
2506,update,true,264923834348,264923835121,264923835218,264923845713,32.208,4.042,437.292,441.333,473.542
2507,update,true,264923966050,264923966792,264923966893,264923977182,30.917,4.208,428.708,432.917,463.833
2508,update,true,264924159653,264924160355,264924160457,264924170959,29.250,4.250,437.583,441.833,471.083
2509,update,true,264924353086,264924353723,264924353828,264924362113,26.542,4.375,345.208,349.583,376.125
2510,update,true,264924543137,264924544022,264924544133,264924554329,36.875,4.625,424.833,429.458,466.333
2511,update,true,264924749664,264924751388,264924751570,264924763802,71.833,7.583,509.667,517.250,589.083
2512,update,true,264924926239,264924926849,264924926960,264924939566,25.417,4.625,525.250,529.875,555.292
2513,update,true,264925113634,264925114723,264925114866,264925126001,45.375,5.958,463.958,469.917,515.292
2514,update,true,264925299767,264925300610,264925300720,264925312522,35.125,4.583,491.750,496.333,531.458
2515,update,true,264925488461,264925490174,264925490863,264925502504,71.375,28.708,485.042,513.750,585.125
2516,update,true,264925683997,264925684537,264925684636,264925694326,22.500,4.125,403.750,407.875,430.375
2517,update,true,264925895116,264925896376,264925896620,264925912881,52.500,10.167,677.542,687.708,740.208
2518,update,true,264926082556,264926083484,264926083649,264926095241,38.667,6.875,483.000,489.875,528.542
2519,update,true,264926263948,264926265369,264926265571,264926277888,59.208,8.417,513.208,521.625,580.833
2520,update,true,264926453950,264926455669,264926455879,264926472339,71.625,8.750,685.833,694.583,766.208
2521,update,true,264926645542,264926646852,264926647010,264926659661,54.583,6.583,527.125,533.708,588.292
2522,update,true,264926864437,264926865585,264926865730,264926877494,47.833,6.042,490.167,496.208,544.042
2523,update,true,264927038631,264927039665,264927039798,264927052589,43.083,5.542,532.958,538.500,581.583
2524,update,true,264927265027,264927266016,264927266147,264927277659,41.208,5.458,479.667,485.125,526.333
2525,update,true,264927437359,264927438311,264927438439,264927450229,39.667,5.333,491.250,496.583,536.250
2526,update,true,264927638659,264927640382,264927640504,264927651234,71.792,5.083,447.083,452.167,523.958
2527,update,true,264927820839,264927822251,264927822428,264927837659,58.833,7.375,634.625,642.000,700.833
2528,update,true,264927960397,264927961145,264927961232,264927969248,31.167,3.625,334.000,337.625,368.792
2529,update,true,264928157941,264928158900,264928159023,264928168625,39.958,5.125,400.083,405.208,445.167
2530,update,true,264928349041,264928349731,264928349831,264928357060,28.750,4.167,301.208,305.375,334.125
2531,update,true,264928543230,264928544561,264928544741,264928555551,55.458,7.500,450.417,457.917,513.375
2532,update,true,264928734630,264928735861,264928735983,264928749815,51.292,5.083,576.333,581.417,632.708
2533,update,true,264928926888,264928928144,264928928324,264928940640,52.333,7.500,513.167,520.667,573.000
2534,update,true,264929098190,264929098885,264929098979,264929105744,28.958,3.917,281.875,285.792,314.750
2535,update,true,264929298926,264929299647,264929299747,264929307252,30.042,4.167,312.708,316.875,346.917
2536,update,true,264929480772,264929481428,264929481518,264929487874,27.333,3.750,264.833,268.583,295.917
2537,update,true,264929679081,264929679467,264929679532,264929687037,16.083,2.708,312.708,315.417,331.500
2538,update,true,264929867853,264929868234,264929868303,264929873405,15.875,2.875,212.583,215.458,231.333
2539,update,true,264930054562,264930055109,264930055185,264930061035,22.792,3.167,243.750,246.917,269.708
2540,update,true,264930271242,264930271767,264930271838,264930279679,21.875,2.958,326.708,329.667,351.542
2541,update,true,264930477193,264930477701,264930477780,264930486417,21.167,3.292,359.875,363.167,384.333
2542,update,true,264930661326,264930661825,264930661900,264930667494,20.792,3.125,233.083,236.208,257.000
2543,update,true,264930859658,264930860227,264930860319,264930867047,23.708,3.833,280.333,284.167,307.875
2544,update,true,264931057146,264931057672,264931057772,264931065920,21.917,4.167,339.500,343.667,365.583
2545,update,true,264931250280,264931251147,264931251253,264931260122,36.125,4.417,369.542,373.958,410.083
2546,update,true,264931466178,264931466946,264931467061,264931474722,32.000,4.792,319.208,324.000,356.000
2547,update,true,264931662215,264931662873,264931662961,264931670070,27.417,3.667,296.208,299.875,327.292
2548,update,true,264931832731,264931833705,264931833843,264931843882,40.583,5.750,418.292,424.042,464.625
2549,update,true,264931960967,264931961519,264931961608,264931968700,23.000,3.708,295.500,299.208,322.208
2550,update,true,264932148829,264932149584,264932149683,264932157439,31.458,4.125,323.167,327.292,358.750
2551,update,true,264932348212,264932349376,264932349511,264932358949,48.500,5.625,393.250,398.875,447.375
2552,update,true,264932545115,264932547214,264932547501,264932559691,87.458,11.958,507.917,519.875,607.333
2553,update,true,264932738387,264932739684,264932739867,264932753245,54.042,7.625,557.417,565.042,619.083
2554,update,true,264932901914,264932903913,264932904030,264932913317,83.292,4.875,386.958,391.833,475.125
2555,update,true,264933097708,264933098351,264933098441,264933105076,26.792,3.750,276.458,280.208,307.000
2556,update,true,264933287876,264933288419,264933288501,264933294036,22.625,3.417,230.625,234.042,256.667
2557,update,true,264933480773,264933481538,264933481651,264933490871,31.875,4.708,384.167,388.875,420.750
2558,update,true,264933678613,264933679100,264933679181,264933686874,20.292,3.375,320.542,323.917,344.208
2559,update,true,264933862313,264933862878,264933862970,264933869244,23.542,3.833,261.417,265.250,288.792
2560,update,true,264934045877,264934046611,264934046716,264934053742,30.583,4.375,292.750,297.125,327.708
2561,update,true,264934238910,264934239949,264934240069,264934249613,43.292,5.000,397.667,402.667,445.958
2562,update,true,264934455413,264934456014,264934456106,264934462765,25.042,3.833,277.458,281.292,306.333
2563,update,true,264934645870,264934646689,264934646810,264934654511,34.125,5.042,320.875,325.917,360.042
2564,update,true,264934854826,264934855669,264934855776,264934863337,35.125,4.458,315.042,319.500,354.625
2565,update,true,264935041508,264935042143,264935042250,264935049573,26.458,4.458,305.125,309.583,336.042
2566,update,true,264935264846,264935265630,264935265722,264935273367,32.667,3.833,318.542,322.375,355.042
2567,update,true,264935445004,264935445788,264935445905,264935454936,32.667,4.875,376.292,381.167,413.833
2568,update,true,264935624277,264935626066,264935626279,264935640996,74.542,8.875,613.208,622.083,696.625
2569,update,true,264935762749,264935763398,264935763518,264935773253,27.042,5.000,405.625,410.625,437.667
2570,update,true,264935956697,264935957474,264935957601,264935965526,32.375,5.292,330.208,335.500,367.875
2571,update,true,264936147867,264936148739,264936148857,264936157275,36.333,4.917,350.750,355.667,392.000
2572,update,true,264936341083,264936342344,264936342644,264936355882,52.542,12.500,551.583,564.083,616.625
2573,update,true,264936530245,264936531569,264936531737,264936545247,55.167,7.000,562.917,569.917,625.083
2574,update,true,264936903640,264936905758,264936906032,264936922790,88.250,11.417,698.250,709.667,797.917
2575,update,true,264937089737,264937091791,264937091988,264937106106,85.583,8.208,588.250,596.458,682.042
2576,update,true,264937290105,264937291960,264937292187,264937305708,77.292,9.458,563.375,572.833,650.125
2577,update,true,264937479085,264937480939,264937481154,264937495544,77.250,8.958,599.583,608.542,685.792
2578,update,true,264937667505,264937669772,264937670021,264937686131,94.458,10.375,671.250,681.625,776.083
2579,update,true,264937860462,264937862411,264937862623,264937877540,81.208,8.833,621.542,630.375,711.583
2580,update,true,264938051150,264938053180,264938053398,264938068078,84.583,9.083,611.667,620.750,705.333
2581,update,true,264938236004,264938237827,264938238035,264938252122,75.958,8.667,586.958,595.625,671.583
2582,update,true,264938422680,264938424103,264938424248,264938436274,59.292,6.042,501.083,507.125,566.417
2583,update,true,264938633759,264938635233,264938635382,264938648777,61.417,6.208,558.125,564.333,625.750
2584,update,true,264938829185,264938831072,264938831296,264938846913,78.625,9.333,650.708,660.042,738.667
2585,update,true,264939019212,264939020278,264939020414,264939029962,44.417,5.667,397.833,403.500,447.917
2586,update,true,264939215145,264939216522,264939216653,264939224942,57.375,5.458,345.375,350.833,408.208
2587,update,true,264939366973,264939367992,264939368121,264939376466,42.458,5.375,347.708,353.083,395.542
2588,update,true,264939562288,264939563436,264939563590,264939574870,47.833,6.417,470.000,476.417,524.250
2589,update,true,264939750356,264939751622,264939751778,264939766602,52.750,6.500,617.667,624.167,676.917
2590,update,true,264939939507,264939940539,264939940675,264939951589,43.000,5.667,454.750,460.417,503.417
2591,update,true,264940135050,264940136161,264940136291,264940147497,46.292,5.417,466.917,472.333,518.625
2592,update,true,264940321918,264940323008,264940323139,264940333377,45.417,5.458,426.583,432.042,477.458
2593,update,true,264940509290,264940510337,264940510456,264940520848,43.625,4.958,433.000,437.958,481.583
2594,update,true,264940703176,264940704090,264940704223,264940713818,38.083,5.542,399.792,405.333,443.417
2595,update,true,264940888154,264940888885,264940888974,264940897324,30.458,3.708,347.917,351.625,382.083
2596,update,true,264941079985,264941080880,264941081001,264941091385,37.292,5.042,432.667,437.708,475.000
2597,update,true,264941278336,264941278816,264941278890,264941285268,20.000,3.083,265.750,268.833,288.833
2598,update,true,264941466053,264941466458,264941466523,264941472044,16.875,2.708,230.042,232.750,249.625
2599,update,true,264941651292,264941651931,264941652006,264941659790,26.625,3.125,324.333,327.458,354.083
2600,update,true,264941843771,264941844350,264941844434,264941852179,24.125,3.500,322.708,326.208,350.333
2601,update,true,264942045171,264942045771,264942045844,264942052631,25.000,3.042,282.792,285.833,310.833
2602,update,true,264942247616,264942248080,264942248144,264942254678,19.333,2.667,272.250,274.917,294.250
2603,update,true,264942444458,264942444905,264942444969,264942452159,18.625,2.667,299.583,302.250,320.875
2604,update,true,264942637165,264942637554,264942637616,264942643400,16.208,2.583,241.000,243.583,259.792
2605,update,true,264942836798,264942837240,264942837310,264942843440,18.417,2.917,255.417,258.333,276.750
2606,update,true,264943032620,264943033052,264943033115,264943039358,18.000,2.625,260.125,262.750,280.750
2607,update,true,264943228560,264943229484,264943229605,264943238803,38.500,5.042,383.250,388.292,426.792
2608,update,true,264943365248,264943366043,264943366128,264943374491,33.125,3.542,348.458,352.000,385.125
2609,update,true,264943555247,264943556203,264943556313,264943565754,39.833,4.583,393.375,397.958,437.792
2610,update,true,264943743697,264943744713,264943744828,264943753702,42.333,4.792,369.750,374.542,416.875
2611,update,true,264943937763,264943938792,264943938912,264943948003,42.875,5.000,378.792,383.792,426.667
2612,update,true,264944126744,264944127676,264944127797,264944137358,38.833,5.042,398.375,403.417,442.250
2613,update,true,264944317255,264944318081,264944318191,264944327461,34.417,4.583,386.250,390.833,425.250
2614,update,true,264944507746,264944508661,264944508757,264944517458,38.125,4.000,362.542,366.542,404.667
2615,update,true,264944697943,264944698833,264944698953,264944708655,37.083,5.000,404.250,409.250,446.333
2616,update,true,264944887071,264944887916,264944888028,264944897909,35.208,4.667,411.708,416.375,451.583
2617,update,true,264945081196,264945082066,264945082191,264945091535,36.250,5.208,389.333,394.542,430.792
2618,update,true,264945266936,264945267791,264945267903,264945274688,35.625,4.667,282.708,287.375,323.000
2619,update,true,264945455115,264945455981,264945456079,264945465155,36.083,4.083,378.167,382.250,418.333
2620,update,true,264945644954,264945645830,264945645920,264945655963,36.500,3.750,418.458,422.208,458.708
2621,update,true,264945849096,264945850155,264945850292,264945861761,44.125,5.708,477.875,483.583,527.708
2622,update,true,264946042862,264946043577,264946043672,264946052622,29.792,3.958,372.917,376.875,406.667
2623,update,true,264946228333,264946228855,264946228934,264946235217,21.750,3.292,261.792,265.083,286.833
2624,update,true,264946438817,264946439422,264946439502,264946447621,25.208,3.333,338.292,341.625,366.833
2625,update,true,264946643091,264946643720,264946643800,264946651286,26.208,3.333,311.917,315.250,341.458
2626,update,true,264946859081,264946859884,264946860003,264946870026,33.458,4.958,417.625,422.583,456.042
2627,update,true,264947030838,264947031578,264947031690,264947038978,30.833,4.667,303.667,308.333,339.167
2628,update,true,264947211636,264947212733,264947212866,264947222386,45.708,5.542,396.667,402.208,447.917
2629,update,true,264947359295,264947360131,264947360247,264947369505,34.833,4.833,385.750,390.583,425.417
2630,update,true,264947549333,264947550231,264947550349,264947559645,37.417,4.917,387.333,392.250,429.667
2631,update,true,264947742119,264947743048,264947743167,264947751424,38.708,4.958,344.042,349.000,387.708
2632,update,true,264947928051,264947929132,264947929287,264947938764,45.042,6.458,394.875,401.333,446.375
2633,update,true,264948118228,264948119242,264948119368,264948129195,42.250,5.250,409.458,414.708,456.958
2634,update,true,264948311342,264948312362,264948312490,264948321917,42.500,5.333,392.792,398.125,440.625
2635,update,true,264948506730,264948508172,264948508351,264948519950,60.083,7.458,483.292,490.750,550.833
2636,update,true,264948694612,264948695646,264948695805,264948705571,43.083,6.625,406.917,413.542,456.625
2637,update,true,264948884413,264948885463,264948885618,264948898554,43.750,6.458,539.000,545.458,589.208
2638,update,true,264949085415,264949086587,264949086774,264949101316,48.833,7.792,605.917,613.708,662.542
2639,update,true,264949268226,264949269443,264949269622,264949283281,50.708,7.458,569.125,576.583,627.292
2640,update,true,264949457212,264949458682,264949458861,264949471512,61.250,7.458,527.125,534.583,595.833
2641,update,true,264949643839,264949645349,264949645538,264949659350,62.917,7.875,575.500,583.375,646.292
2642,update,true,264949842006,264949843583,264949843845,264949862933,65.708,10.917,795.333,806.250,871.958
2643,update,true,264950032486,264950034802,264950035050,264950054018,96.500,10.333,790.333,800.667,897.167
2644,update,true,264950248289,264950251067,264950251330,264950271353,115.750,10.958,834.292,845.250,961.000
2645,update,true,264950434548,264950436571,264950436806,264950455118,84.292,9.792,763.000,772.792,857.083
2646,update,true,264950636213,264950638112,264950638332,264950654210,79.125,9.167,661.583,670.750,749.875
2647,update,true,264950836802,264950838690,264950838911,264950854732,78.667,9.208,659.208,668.417,747.083
2648,update,true,264951010666,264951011778,264951011911,264951025767,46.333,5.542,577.333,582.875,629.208
2649,update,true,264951161401,264951162267,264951162388,264951170826,36.083,5.042,351.583,356.625,392.708
2650,update,true,264951357057,264951358000,264951358136,264951367929,39.292,5.667,408.042,413.708,453.000
2651,update,true,264951552983,264951553933,264951554095,264951564795,39.583,6.750,445.833,452.583,492.167
2652,update,true,264951744586,264951746019,264951746201,264951764576,59.708,7.583,765.625,773.208,832.917
2653,update,true,264952117270,264952119562,264952119792,264952138176,95.500,9.583,766.000,775.583,871.083
2654,update,true,264952307933,264952310081,264952310315,264952326542,89.500,9.750,676.125,685.875,775.375
2655,update,true,264952497821,264952499993,264952500213,264952515659,90.500,9.167,643.583,652.750,743.250
2656,update,true,264952699572,264952700791,264952700994,264952712588,50.792,8.458,483.083,491.542,542.333
2657,update,true,264952875954,264952877463,264952877622,264952890940,62.875,6.625,554.917,561.542,624.417
2658,update,true,264953071525,264953072478,264953072609,264953080330,39.708,5.458,321.708,327.167,366.875
2659,update,true,264953260508,264953261863,264953262032,264953272586,56.458,7.042,439.750,446.792,503.250
2660,update,true,264953449491,264953450638,264953450770,264953460204,47.792,5.500,393.083,398.583,446.375
2661,update,true,264953670708,264953671906,264953672061,264953682486,49.917,6.458,434.375,440.833,490.750
2662,update,true,264953866845,264953867855,264953868010,264953879445,42.083,6.458,476.458,482.917,525.000
2663,update,true,264954051697,264954052581,264954052685,264954061609,36.833,4.333,371.833,376.167,413.000
2664,update,true,264954237829,264954239284,264954239494,264954251856,60.625,8.750,515.083,523.833,584.458
2665,update,true,264954468437,264954469728,264954469893,264954480438,53.792,6.875,439.375,446.250,500.042
2666,update,true,264954655211,264954656212,264954656334,264954665018,41.708,5.083,361.833,366.917,408.625
2667,update,true,264954854613,264954856008,264954856149,264954867219,58.125,5.875,461.250,467.125,525.250
2668,update,true,264955012761,264955014353,264955014558,264955028502,66.333,8.542,581.000,589.542,655.875
2669,update,true,264955157959,264955158611,264955158715,264955166771,27.167,4.333,335.667,340.000,367.167
2670,update,true,264955547734,264955549153,264955549341,264955562564,59.125,7.833,550.958,558.792,617.917
2671,update,true,264955751134,264955752691,264955752928,264955766830,64.875,9.875,579.250,589.125,654.000
2672,update,true,264955925564,264955927547,264955927777,264955943878,82.625,9.583,670.875,680.458,763.083
2673,update,true,264956110393,264956112433,264956112676,264956131098,85.000,10.125,767.583,777.708,862.708
2674,update,true,264956301756,264956303870,264956304115,264956322519,88.083,10.208,766.833,777.042,865.125
2675,update,true,264956490868,264956492132,264956492316,264956508870,52.667,7.667,689.750,697.417,750.083
2676,update,true,264956680921,264956682808,264956683009,264956699632,78.625,8.375,692.625,701.000,779.625
2677,update,true,264956883500,264956885279,264956885467,264956902241,74.125,7.833,698.917,706.750,780.875
2678,update,true,264957058552,264957059761,264957059879,264957072759,50.375,4.917,536.667,541.583,591.958
2679,update,true,264957257454,264957258406,264957258553,264957270009,39.667,6.125,477.333,483.458,523.125
2680,update,true,264957443253,264957444266,264957444378,264957454443,42.208,4.667,419.375,424.042,466.250
2681,update,true,264957663615,264957664518,264957664628,264957674558,37.625,4.583,413.750,418.333,455.958
2682,update,true,264957842313,264957843162,264957843262,264957852721,35.375,4.167,394.125,398.292,433.667
2683,update,true,264958038005,264958038528,264958038622,264958046877,21.792,3.917,343.958,347.875,369.667
2684,update,true,264958261537,264958262137,264958262214,264958270033,25.000,3.208,325.792,329.000,354.000
2685,update,true,264958452145,264958452919,264958453037,264958462403,32.250,4.917,390.250,395.167,427.417
2686,update,true,264958655229,264958655861,264958655989,264958665157,26.333,5.333,382.000,387.333,413.667
2687,update,true,264958816305,264958817321,264958817443,264958831690,42.333,5.083,593.625,598.708,641.042
2688,update,true,264958964702,264958965348,264958965448,264958974552,26.917,4.167,379.333,383.500,410.417
2689,update,true,264959157406,264959158090,264959158192,264959167396,28.500,4.250,383.500,387.750,416.250
2690,update,true,264959349123,264959349793,264959349901,264959358099,27.917,4.500,341.583,346.083,374.000
2691,update,true,264959543055,264959544838,264959545013,264959559321,74.292,7.292,596.167,603.458,677.750
2692,update,true,264959729862,264959731146,264959731296,264959743929,53.500,6.250,526.375,532.625,586.125
2693,update,true,264959925423,264959926717,264959926894,264959939682,53.917,7.375,532.833,540.208,594.125
2694,update,true,264960096649,264960097239,264960097333,264960104130,24.583,3.917,283.208,287.125,311.708
2695,update,true,264960290551,264960291104,264960291177,264960298561,23.042,3.042,307.667,310.708,333.750
2696,update,true,264960476965,264960477350,264960477421,264960482776,16.042,2.958,223.125,226.083,242.125
2697,update,true,264960676598,264960677070,264960677140,264960684438,19.667,2.917,304.083,307.000,326.667
2698,update,true,264960867251,264960867700,264960867765,264960873625,18.708,2.708,244.167,246.875,265.583
2699,update,true,264961054588,264961055107,264961055191,264961063804,21.625,3.500,358.875,362.375,384.000
2700,update,true,264961261193,264961261741,264961261819,264961280564,22.833,3.250,781.042,784.292,807.125
2701,update,true,264961463436,264961463888,264961463967,264961471593,18.833,3.292,317.750,321.042,339.875
2702,update,true,264961647951,264961648482,264961648559,264961656979,22.125,3.208,350.833,354.042,376.167
2703,update,true,264961846895,264961847626,264961847727,264961857579,30.458,4.208,410.500,414.708,445.167
2704,update,true,264962057036,264962057707,264962057801,264962066194,27.958,3.917,349.708,353.625,381.583
2705,update,true,264962245728,264962246325,264962246418,264962255934,24.875,3.875,396.500,400.375,425.250
2706,update,true,264962444288,264962444869,264962444958,264962452484,24.208,3.708,313.583,317.292,341.500
2707,update,true,264962632409,264962632958,264962633041,264962642190,22.875,3.458,381.208,384.667,407.542
2708,update,true,264962765576,264962766026,264962766096,264962774099,18.750,2.917,333.458,336.375,355.125
2709,update,true,264962955878,264962956633,264962956727,264962966299,31.458,3.917,398.833,402.750,434.208
2710,update,true,264963143709,264963144591,264963144698,264963154976,36.750,4.458,428.250,432.708,469.458
2711,update,true,264963338190,264963339668,264963339825,264963355405,61.583,6.542,649.167,655.708,717.292
2712,update,true,264963535999,264963537292,264963537425,264963552433,53.875,5.542,625.333,630.875,684.750
2713,update,true,264963725565,264963726900,264963727059,264963741105,55.625,6.625,585.250,591.875,647.500
2714,update,true,264963913540,264963914931,264963915082,264963930462,57.958,6.292,640.833,647.125,705.083
2715,update,true,264964105528,264964106748,264964106929,264964119263,50.833,7.542,513.917,521.458,572.292
2716,update,true,264964486586,264964488876,264964489150,264964505434,95.417,11.417,678.500,689.917,785.333
2717,update,true,264964669548,264964671651,264964671871,264964687771,87.625,9.167,662.500,671.667,759.292
2718,update,true,264964862170,264964864086,264964864323,264964879799,79.833,9.875,644.833,654.708,734.542
2719,update,true,264965046163,264965047980,264965048165,264965064710,75.708,7.708,689.375,697.083,772.792
2720,update,true,264965238924,264965240617,264965240821,264965255198,70.542,8.500,599.042,607.542,678.083
2721,update,true,264965417912,264965418749,264965418866,264965427250,34.875,4.875,349.333,354.208,389.083
2722,update,true,264965609109,264965609869,264965609966,264965617116,31.667,4.042,297.917,301.958,333.625
2723,update,true,264965809115,264965809935,264965810034,264965818422,34.167,4.125,349.500,353.625,387.792
2724,update,true,264966009762,264966010563,264966010680,264966018221,33.375,4.875,314.208,319.083,352.458
2725,update,true,264966211014,264966211804,264966211900,264966219174,32.917,4.000,303.083,307.083,340.000
2726,update,true,264966402329,264966403259,264966403365,264966410964,38.750,4.417,316.625,321.042,359.792
2727,update,true,264966565261,264966566013,264966566114,264966573849,31.333,4.208,322.292,326.500,357.833
2728,update,true,264966752341,264966753437,264966753580,264966764041,45.667,5.958,435.875,441.833,487.500
2729,update,true,264966944009,264966944998,264966945159,264966953787,41.208,6.708,359.500,366.208,407.417
2730,update,true,264967130127,264967131283,264967131425,264967141334,48.167,5.917,412.875,418.792,466.958
2731,update,true,264967328503,264967329796,264967329937,264967341940,53.875,5.875,500.125,506.000,559.875
2732,update,true,264967517672,264967519053,264967519216,264967531511,57.542,6.792,512.292,519.083,576.625
2733,update,true,264967704016,264967705135,264967705268,264967715295,46.625,5.542,417.792,423.333,469.958
2734,update,true,264967903347,264967904384,264967904500,264967911788,43.208,4.833,303.667,308.500,351.708
2735,update,true,264968090213,264968090842,264968090946,264968098070,26.208,4.333,296.833,301.167,327.375
2736,update,true,264968283430,264968284212,264968284328,264968295061,32.583,4.833,447.208,452.042,484.625
2737,update,true,264968481400,264968482046,264968482142,264968491838,26.917,4.000,404.000,408.000,434.917
2738,update,true,264968661832,264968662430,264968662509,264968669820,24.917,3.292,304.625,307.917,332.833
2739,update,true,264968863279,264968864878,264968865078,264968879386,66.625,8.333,596.167,604.500,671.125
2740,update,true,264969047811,264969049097,264969049228,264969059246,53.583,5.458,417.417,422.875,476.458
2741,update,true,264969255257,264969256246,264969256399,264969265868,41.208,6.375,394.542,400.917,442.125
2742,update,true,264969450014,264969451053,264969451192,264969460575,43.292,5.792,390.958,396.750,440.042
2743,update,true,264969669613,264969671248,264969671436,264969683607,68.125,7.833,507.125,514.958,583.083
2744,update,true,264969847575,264969849185,264969849326,264969859360,67.083,5.875,418.083,423.958,491.042
2745,update,true,264970054149,264970055760,264970055942,264970071751,67.125,7.583,658.708,666.292,733.417
2746,update,true,264970225965,264970228204,264970228436,264970243688,93.292,9.667,635.500,645.167,738.458
2747,update,true,264970367752,264970368791,264970368911,264970378714,43.292,5.000,408.458,413.458,456.750
2748,update,true,264970563279,264970564457,264970564613,264970575654,49.083,6.500,460.042,466.542,515.625
2749,update,true,264970761483,264970762809,264970762963,264970775205,55.250,6.417,510.083,516.500,571.750
2750,update,true,264970949132,264970950016,264970950141,264970960132,36.833,5.208,416.292,421.500,458.333
2751,update,true,264971142410,264971143831,264971144036,264971157664,59.208,8.542,567.833,576.375,635.583
2752,update,true,264971335292,264971337557,264971337931,264971351632,94.375,15.583,570.875,586.458,680.833
2753,update,true,264971523356,264971524905,264971525124,264971537984,64.542,9.125,535.833,544.958,609.500
2754,update,true,264971708973,264971710251,264971710409,264971722107,53.250,6.583,487.417,494.000,547.250
2755,update,true,264971908051,264971909625,264971909819,264971924478,65.583,8.083,610.792,618.875,684.458
2756,update,true,264972094447,264972096119,264972096340,264972114674,69.667,9.208,763.917,773.125,842.792
2757,update,true,264972270580,264972271529,264972271651,264972283470,39.542,5.083,492.458,497.542,537.083
2758,update,true,264972490044,264972492245,264972492468,264972510699,91.708,9.292,759.625,768.917,860.625
2759,update,true,264972660341,264972662105,264972662318,264972679837,73.500,8.875,729.958,738.833,812.333
2760,update,true,264972854073,264972855211,264972855357,264972866449,47.417,6.083,462.167,468.250,515.667
2761,update,true,264973053067,264973054806,264973055026,264973070203,72.458,9.167,632.375,641.542,714.000
2762,update,true,264973665386,264973667365,264973667623,264973684891,82.458,10.750,719.500,730.250,812.708
2763,update,true,264973793841,264973795584,264973795701,264973803845,72.625,4.875,339.333,344.208,416.833
2764,update,true,264974038393,264974039203,264974039323,264974047295,33.750,5.000,332.167,337.167,370.917
2765,update,true,264974210915,264974212052,264974212193,264974224003,47.375,5.875,492.083,497.958,545.333
2766,update,true,264974360157,264974361005,264974361101,264974371271,35.333,4.000,423.750,427.750,463.083
2767,update,true,264974554233,264974555046,264974555173,264974565438,33.875,5.292,427.708,433.000,466.875
2768,update,true,264974751552,264974752467,264974752603,264974763138,38.125,5.667,438.958,444.625,482.750
2769,update,true,264974953677,264974954868,264974954994,264974966065,49.625,5.250,461.292,466.542,516.167
2770,update,true,264975133525,264975134396,264975134536,264975147039,36.292,5.833,520.958,526.792,563.083
2771,update,true,264975316559,264975317378,264975317505,264975327604,34.125,5.292,420.792,426.083,460.208
2772,update,true,264975526997,264975528360,264975528513,264975542922,56.792,6.375,600.375,606.750,663.542
2773,update,true,264975687307,264975688744,264975688827,264975699010,59.875,3.458,424.292,427.750,487.625
2774,update,true,264975881658,264975882242,264975882341,264975891674,24.333,4.125,388.875,393.000,417.333
2775,update,true,264976075968,264976077127,264976077261,264976091081,48.292,5.583,575.833,581.417,629.708
2776,update,true,264976287282,264976288597,264976288755,264976301457,54.792,6.583,529.250,535.833,590.625
2777,update,true,264976460564,264976461704,264976461851,264976472192,47.500,6.125,430.875,437.000,484.500
2778,update,true,264976659787,264976660758,264976660880,264976672559,40.458,5.083,486.625,491.708,532.167
2779,update,true,264976837141,264976838427,264976838589,264976851842,53.583,6.750,552.208,558.958,612.542
2780,update,true,264977051135,264977051800,264977051890,264977060036,27.708,3.750,339.417,343.167,370.875
2781,update,true,264977265802,264977266666,264977266783,264977276958,36.000,4.875,423.958,428.833,464.833
2782,update,true,264977453506,264977454648,264977454760,264977465505,47.583,4.667,447.708,452.375,499.958
2783,update,true,264977667686,264977668593,264977668701,264977678951,37.792,4.500,427.083,431.583,469.375
2784,update,true,264977846925,264977847838,264977847947,264977858794,38.042,4.542,451.958,456.500,494.542
2785,update,true,264978029717,264978030392,264978030486,264978041025,28.125,3.917,439.125,443.042,471.167
2786,update,true,264978165663,264978166297,264978166388,264978175200,26.417,3.792,367.167,370.958,397.375
2787,update,true,264978361866,264978362783,264978362893,264978373420,38.208,4.583,438.625,443.208,481.417
2788,update,true,264978758529,264978759915,264978760111,264978772755,57.750,8.167,526.833,535.000,592.750
2789,update,true,264978931872,264978933137,264978933259,264978944044,52.708,5.083,449.375,454.458,507.167
2790,update,true,264979121604,264979122510,264979122630,264979133264,37.750,5.000,443.083,448.083,485.833
2791,update,true,264979314446,264979315183,264979315307,264979325891,30.708,5.167,441.000,446.167,476.875
2792,update,true,264979506857,264979508690,264979508906,264979524588,76.375,9.000,653.417,662.417,738.792
2793,update,true,264979685214,264979686520,264979686689,264979702625,54.417,7.042,664.000,671.042,725.458
2794,update,true,264979890144,264979891965,264979892126,264979907324,75.875,6.708,633.250,639.958,715.833
2795,update,true,264980069843,264980071152,264980071335,264980084299,54.542,7.625,540.167,547.792,602.333
2796,update,true,264980284327,264980285521,264980285673,264980299927,49.750,6.333,593.917,600.250,650.000
2797,update,true,264980495910,264980496793,264980496908,264980508843,36.792,4.792,497.292,502.083,538.875
2798,update,true,264980638432,264980639596,264980639753,264980652048,48.500,6.542,512.292,518.833,567.333
2799,update,true,264980828320,264980829351,264980829476,264980841299,42.958,5.208,492.625,497.833,540.792
2800,update,true,264981017774,264981018686,264981018788,264981031365,38.000,4.250,524.042,528.292,566.292
2801,update,true,264981223837,264981225094,264981225261,264981238049,52.375,6.958,532.833,539.792,592.167
2802,update,true,264981437909,264981439247,264981439429,264981453047,55.750,7.583,567.417,575.000,630.750
2803,update,true,264981631354,264981633322,264981634295,264981651780,82.000,40.542,728.542,769.083,851.083
2804,update,true,264981813883,264981814888,264981815022,264981827268,41.875,5.583,510.250,515.833,557.708
2805,update,true,264981962601,264981963401,264981963521,264981972970,33.333,5.000,393.708,398.708,432.042
2806,update,true,264982153614,264982154188,264982154289,264982162678,23.917,4.208,349.542,353.750,377.667
2807,update,true,264982343104,264982343711,264982343809,264982352616,25.292,4.083,366.958,371.042,396.333
2808,update,true,264982536077,264982536925,264982537046,264982546076,35.333,5.042,376.250,381.292,416.625
2809,update,true,264982728373,264982729495,264982729635,264982741140,46.750,5.833,479.375,485.208,531.958
2810,update,true,264982916579,264982917508,264982917619,264982928486,38.708,4.625,452.792,457.417,496.125
2811,update,true,264983109906,264983110927,264983111064,264983122118,42.542,5.708,460.583,466.292,508.833
2812,update,true,264983298698,264983299759,264983299897,264983311462,44.208,5.750,481.875,487.625,531.833
2813,update,true,264983491988,264983493175,264983493335,264983507686,49.458,6.667,597.958,604.625,654.083
2814,update,true,264983685174,264983686329,264983686486,264983700797,48.125,6.542,596.292,602.833,650.958
2815,update,true,264983884689,264983885797,264983885959,264983899392,46.167,6.750,559.708,566.458,612.625
2816,update,true,264984086643,264984088011,264984088222,264984102475,57.000,8.792,593.875,602.667,659.667
2817,update,true,264984260068,264984261275,264984261482,264984273419,50.292,8.625,497.375,506.000,556.292
2818,update,true,264984453746,264984455624,264984455854,264984472046,78.250,9.583,674.667,684.250,762.500
2819,update,true,264984635311,264984637303,264984637533,264984654957,83.000,9.583,726.000,735.583,818.583
2820,update,true,264984839108,264984840920,264984841122,264984856979,75.500,8.417,660.708,669.125,744.625
2821,update,true,264985033728,264985035476,264985035704,264985052605,72.833,9.500,704.208,713.708,786.542
2822,update,true,264985235761,264985237533,264985237730,264985253606,73.833,8.208,661.500,669.708,743.542
2823,update,true,264985431983,264985433677,264985433887,264985450751,70.583,8.750,702.667,711.417,782.000
2824,update,true,264985631180,264985632915,264985633143,264985649003,72.292,9.500,660.833,670.333,742.625
2825,update,true,264985817067,264985818289,264985818454,264985833400,50.917,6.875,622.750,629.625,680.542
2826,update,true,264985963714,264985964495,264985964582,264985975007,32.542,3.625,434.375,438.000,470.542
2827,update,true,264986159149,264986159925,264986160030,264986170463,32.333,4.375,434.708,439.083,471.417
2828,update,true,264986349279,264986349930,264986350033,264986359559,27.125,4.292,396.917,401.208,428.333
2829,update,true,264986543911,264986545126,264986545289,264986557010,50.625,6.792,488.375,495.167,545.792
2830,update,true,264986744526,264986746066,264986746261,264986759943,64.167,8.125,570.083,578.208,642.375
2831,update,true,264986910844,264986911862,264986911964,264986919224,42.417,4.250,302.500,306.750,349.167
2832,update,true,264987099684,264987100429,264987100521,264987107575,31.042,3.833,293.917,297.750,328.792
2833,update,true,264987284210,264987284781,264987284887,264987290827,23.792,4.417,247.500,251.917,275.708
2834,update,true,264987482070,264987482800,264987482901,264987492577,30.417,4.208,403.167,407.375,437.792
2835,update,true,264987681156,264987681877,264987681981,264987690609,30.042,4.333,359.500,363.833,393.875
2836,update,true,264987860652,264987861470,264987861576,264987868779,34.083,4.417,300.125,304.542,338.625
2837,update,true,264988049648,264988050649,264988050780,264988059303,41.708,5.458,355.125,360.583,402.292
2838,update,true,264988240268,264988241120,264988241236,264988248879,35.500,4.833,318.458,323.292,358.792
2839,update,true,264988439378,264988439970,264988440060,264988446333,24.667,3.750,261.375,265.125,289.792
2840,update,true,264988643499,264988644047,264988644126,264988650024,22.833,3.292,245.750,249.042,271.875
2841,update,true,264988847987,264988848662,264988848748,264988854941,28.125,3.583,258.042,261.625,289.750
2842,update,true,264989050730,264989051521,264989051616,264989058795,32.958,3.958,299.125,303.083,336.042
2843,update,true,264989242885,264989243553,264989243639,264989250653,27.833,3.583,292.250,295.833,323.667
2844,update,true,264989434645,264989435458,264989435563,264989444994,33.875,4.375,392.958,397.333,431.208
2845,update,true,264989625649,264989626635,264989626732,264989634220,41.083,4.042,312.000,316.042,357.125
2846,update,true,264989760129,264989760908,264989761021,264989768941,32.458,4.708,330.000,334.708,367.167
2847,update,true,264989947840,264989948671,264989948810,264989957033,34.625,5.792,342.625,348.417,383.042
2848,update,true,264990143379,264990144409,264990144543,264990153949,42.917,5.583,391.917,397.500,440.417
2849,update,true,264990331997,264990332954,264990333077,264990340869,39.875,5.125,324.667,329.792,369.667
2850,update,true,264990518165,264990519304,264990519431,264990528262,47.458,5.292,367.958,373.250,420.708
2851,update,true,264990709834,264990710733,264990710839,264990719331,37.458,4.417,353.833,358.250,395.708
2852,update,true,264990904923,264990905919,264990906046,264990914599,41.500,5.292,356.375,361.667,403.167
2853,update,true,264991092992,264991093902,264991094027,264991105350,37.917,5.208,471.792,477.000,514.917
2854,update,true,264991290184,264991290935,264991291035,264991300059,31.292,4.167,376.000,380.167,411.458
2855,update,true,264991484457,264991485551,264991485694,264991498583,45.583,5.958,537.042,543.000,588.583
2856,update,true,264991665629,264991666864,264991667016,264991676767,51.458,6.333,406.292,412.625,464.083
2857,update,true,264991856742,264991858148,264991858308,264991869120,58.583,6.667,450.500,457.167,515.750
2858,update,true,264992044876,264992045987,264992046124,264992055411,46.292,5.708,386.958,392.667,438.958
2859,update,true,264992229552,264992230587,264992230730,264992240736,43.125,5.958,416.917,422.875,466.000
2860,update,true,264992422112,264992423210,264992423334,264992432340,45.750,5.167,375.250,380.417,426.167
2861,update,true,264992614322,264992615270,264992615395,264992623617,39.500,5.208,342.583,347.792,387.292
2862,update,true,264993040922,264993041998,264993042140,264993051707,44.833,5.917,398.625,404.542,449.375
2863,update,true,264993216548,264993217520,264993217648,264993226390,40.500,5.333,364.250,369.583,410.083
2864,update,true,264993411667,264993412786,264993412936,264993422092,46.625,6.250,381.500,387.750,434.375
2865,update,true,264993562761,264993563584,264993563700,264993572846,34.292,4.833,381.083,385.917,420.208
2866,update,true,264993754658,264993755623,264993755780,264993766417,40.208,6.542,443.208,449.750,489.958
2867,update,true,264993951244,264993952359,264993952499,264993963970,46.458,5.833,477.958,483.792,530.250
2868,update,true,264994140003,264994140927,264994141049,264994150109,38.500,5.083,377.500,382.583,421.083
2869,update,true,264994329402,264994330696,264994330858,264994342299,53.917,6.750,476.708,483.458,537.375
2870,update,true,264994526348,264994527850,264994528017,264994540347,62.583,6.958,513.750,520.708,583.292
2871,update,true,264994716754,264994718494,264994719768,264994732802,72.500,53.083,543.083,596.167,668.667
2872,update,true,264994903527,264994904335,264994904460,264994912774,33.667,5.208,346.417,351.625,385.292
2873,update,true,264995080449,264995081165,264995081259,264995088384,29.833,3.917,296.875,300.792,330.625
2874,update,true,264995273096,264995273714,264995273813,264995280112,25.750,4.125,262.458,266.583,292.333
2875,update,true,264995478184,264995478883,264995478981,264995488958,29.125,4.083,415.708,419.792,448.917
2876,update,true,264995666277,264995666706,264995666781,264995676302,17.875,3.125,396.708,399.833,417.708
2877,update,true,264995861007,264995861583,264995861671,264995868013,24.000,3.667,264.250,267.917,291.917
2878,update,true,264996994689,264996996192,264996996376,264997011282,62.625,7.667,621.083,628.750,691.375
2879,update,true,264997254502,264997255977,264997256150,264997272088,61.458,7.208,664.083,671.292,732.750
2880,update,true,264997426772,264997428631,264997428790,264997439946,77.458,6.625,464.833,471.458,548.917
2881,update,true,264997762711,264997763719,264997763878,264997774206,42.000,6.625,430.333,436.958,478.958
2882,update,true,264998319083,264998320078,264998320188,264998331296,41.458,4.583,462.833,467.417,508.875
2883,update,true,264998551937,264998552677,264998552772,264998563271,30.833,3.958,437.458,441.417,472.250
2884,update,true,264998745666,264998746513,264998746623,264998756222,35.292,4.583,399.958,404.542,439.833
2885,update,true,264998952579,264998953680,264998953808,264998965485,45.875,5.333,486.542,491.875,537.750
2886,update,true,264999144088,264999144751,264999144849,264999156553,27.625,4.083,487.667,491.750,519.375
2887,update,true,264999346498,264999347352,264999347455,264999357091,35.583,4.292,401.500,405.792,441.375
2888,update,true,264999462148,264999463118,264999463265,264999474656,40.417,6.125,474.625,480.750,521.167
2889,update,true,264999662106,264999662996,264999663117,264999673353,37.083,5.042,426.500,431.542,468.625
2890,update,true,264999855199,264999855768,264999855875,264999863463,23.708,4.458,316.167,320.625,344.333
2891,update,true,265000042990,265000043586,265000043677,265000052112,24.833,3.792,351.458,355.250,380.083
2892,update,true,265000232638,265000233243,265000233350,265000242118,25.208,4.458,365.333,369.792,395.000
2893,update,true,265000422294,265000422839,265000422931,265000432562,22.708,3.833,401.292,405.125,427.833
2894,update,true,265000609144,265000609660,265000609741,265000618021,21.500,3.375,345.000,348.375,369.875
2895,update,true,265000797188,265000797659,265000797744,265000806738,19.625,3.542,374.750,378.292,397.917
2896,update,true,265000992632,265000993611,265000993706,265001002930,40.792,3.958,384.333,388.292,429.083
2897,update,true,265001183266,265001183742,265001183826,265001190306,19.833,3.500,270.000,273.500,293.333
2898,update,true,265001565820,265001567327,265001567545,265001582522,62.792,9.083,624.042,633.125,695.917
2899,update,true,265001754690,265001756165,265001756354,265001774242,61.458,7.875,745.333,753.208,814.667
2900,update,true,265001941418,265001942943,265001943128,265001957677,63.542,7.708,606.208,613.917,677.458
2901,update,true,265002145090,265002146922,265002147165,265002165964,76.333,10.125,783.292,793.417,869.750
2902,update,true,265002344384,265002346518,265002346781,265002364504,88.917,10.958,738.458,749.417,838.333
2903,update,true,265002520073,265002521011,265002521140,265002532057,39.083,5.375,454.875,460.250,499.333
2904,update,true,265002760017,265002760649,265002760735,265002769353,26.333,3.583,359.083,362.667,389.000
2905,update,true,265002967621,265002968250,265002968345,265002977762,26.208,3.958,392.375,396.333,422.542
2906,update,true,265003113597,265003114496,265003114607,265003123867,37.458,4.625,385.833,390.458,427.917
2907,update,true,265003260045,265003260709,265003260802,265003269706,27.667,3.875,371.000,374.875,402.542
2908,update,true,265003453276,265003454285,265003454422,265003466809,42.042,5.708,516.125,521.833,563.875
2909,update,true,265003640939,265003642145,265003642292,265003654801,50.250,6.125,521.208,527.333,577.583
2910,update,true,265003837342,265003838401,265003838534,265003849887,44.125,5.542,473.042,478.583,522.708
2911,update,true,265004022878,265004023723,265004023833,265004033085,35.208,4.583,385.500,390.083,425.292
2912,update,true,265004401996,265004403482,265004403672,265004417642,61.917,7.917,582.083,590.000,651.917
2913,update,true,265004603498,265004605113,265004605311,265004620144,67.292,8.250,618.042,626.292,693.583
2914,update,true,265004789889,265004791400,265004791593,265004805917,62.958,8.042,596.833,604.875,667.833
2915,update,true,265004983329,265004984808,265004984997,265004998825,61.625,7.875,576.167,584.042,645.667
2916,update,true,265005175523,265005176933,265005177105,265005191471,58.750,7.167,598.583,605.750,664.500
2917,update,true,265005362581,265005363901,265005364041,265005377043,55.000,5.833,541.750,547.583,602.583
2918,update,true,265005554077,265005555230,265005555404,265005568923,48.042,7.250,563.292,570.542,618.583
2919,update,true,265005742665,265005744207,265005744398,265005758749,64.250,7.958,597.958,605.917,670.167
2920,update,true,265005934266,265005936111,265005936387,265005954231,76.875,11.500,743.500,755.000,831.875
2921,update,true,265006139765,265006141527,265006141743,265006158829,73.417,9.000,711.917,720.917,794.333
2922,update,true,265006335559,265006337390,265006337634,265006353641,76.292,10.167,666.958,677.125,753.417
2923,update,true,265006531047,265006532718,265006532945,265006548689,69.625,9.458,656.000,665.458,735.083
2924,update,true,265006730365,265006732059,265006732244,265006748146,70.583,7.708,662.583,670.292,740.875
2925,update,true,265006944791,265006945490,265006945599,265006955854,29.125,4.542,427.292,431.833,460.958
2926,update,true,265007128673,265007129476,265007129585,265007138710,33.458,4.542,380.208,384.750,418.208
2927,update,true,265007262527,265007263162,265007263269,265007272379,26.458,4.458,379.583,384.042,410.500
2928,update,true,265007460685,265007461463,265007461579,265007470551,32.417,4.833,373.833,378.667,411.083
2929,update,true,265007647870,265007648988,265007649164,265007660271,46.583,7.333,462.792,470.125,516.708
2930,update,true,265007845853,265007847449,265007848783,265007859908,66.500,55.583,463.542,519.125,585.625
2931,update,true,265008027225,265008028002,265008028123,265008038799,32.375,5.042,444.833,449.875,482.250
2932,update,true,265008218144,265008218740,265008218833,265008227939,24.833,3.875,379.417,383.292,408.125
2933,update,true,265008410816,265008411353,265008411462,265008419562,22.375,4.542,337.500,342.042,364.417
2934,update,true,265008598895,265008599353,265008599439,265008608486,19.083,3.583,376.958,380.542,399.625
2935,update,true,265008784405,265008784769,265008784854,265008790562,15.167,3.542,237.833,241.375,256.542
2936,update,true,265008982871,265008983409,265008983495,265008991376,22.417,3.583,328.375,331.958,354.375
2937,update,true,265009161825,265009162264,265009162331,265009169567,18.292,2.792,301.500,304.292,322.583
2938,update,true,265009356043,265009356646,265009356742,265009364963,25.125,4.000,342.542,346.542,371.667
2939,update,true,265009570530,265009571203,265009571304,265009578990,28.042,4.208,320.250,324.458,352.500
2940,update,true,265009738016,265009738658,265009738761,265009747828,26.750,4.292,377.792,382.083,408.833
2941,update,true,265009947480,265009947926,265009948008,265009955301,18.583,3.417,303.875,307.292,325.875
2942,update,true,265010153094,265010153569,265010153661,265010161610,19.792,3.833,331.208,335.042,354.833
2943,update,true,265010357970,265010358519,265010358600,265010365918,22.875,3.375,304.917,308.292,331.167
2944,update,true,265010561749,265010563543,265010563661,265010570875,74.750,4.917,300.583,305.500,380.250
2945,update,true,265010750832,265010751502,265010751611,265010758839,27.917,4.542,301.167,305.708,333.625
2946,update,true,265010922756,265010923393,265010923486,265010930727,26.542,3.875,301.708,305.583,332.125
2947,update,true,265011060306,265011060848,265011060924,265011066647,22.583,3.167,238.458,241.625,264.208
2948,update,true,265011254462,265011254914,265011255000,265011259931,18.833,3.583,205.458,209.042,227.875
2949,update,true,265011446612,265011446995,265011447078,265011452134,15.958,3.458,210.667,214.125,230.083
2950,update,true,265011635739,265011636146,265011636247,265011641323,16.958,4.208,211.500,215.708,232.667
2951,update,true,265011831399,265011831834,265011831918,265011836937,18.125,3.500,209.125,212.625,230.750
2952,update,true,265012020348,265012020840,265012020916,265012029988,20.500,3.167,378.000,381.167,401.667
2953,update,true,265012207082,265012207549,265012207626,265012215042,19.458,3.208,309.000,312.208,331.667
2954,update,true,265012398180,265012398728,265012398805,265012407643,22.833,3.208,368.250,371.458,394.292
2955,update,true,265012593972,265012595174,265012595391,265012610899,50.083,9.042,646.167,655.208,705.292
2956,update,true,265012788046,265012788792,265012788901,265012801013,31.083,4.542,504.667,509.208,540.292
2957,update,true,265012984075,265012984637,265012984729,265012992956,23.417,3.833,342.792,346.625,370.042
2958,update,true,265013161301,265013161870,265013161971,265013170891,23.708,4.208,371.667,375.875,399.583
2959,update,true,265013345133,265013345688,265013345760,265013354753,23.125,3.000,374.708,377.708,400.833
2960,update,true,265013533891,265013534354,265013534425,265013543176,19.292,2.958,364.625,367.583,386.875
2961,update,true,265013735267,265013735752,265013735848,265013744005,20.208,4.000,339.875,343.875,364.083
2962,update,true,265013945973,265013946450,265013946524,265013956313,19.875,3.083,407.875,410.958,430.833
2963,update,true,265014151165,265014151914,265014152013,265014162065,31.208,4.125,418.833,422.958,454.167
2964,update,true,265014364548,265014365494,265014365626,265014376503,39.417,5.500,453.208,458.708,498.125
2965,update,true,265014555600,265014556410,265014556524,265014567254,33.750,4.750,447.083,451.833,485.583
2966,update,true,265014736466,265014737203,265014737316,265014747033,30.708,4.708,404.875,409.583,440.292
2967,update,true,265014863720,265014864470,265014864578,265014873709,31.250,4.500,380.458,384.958,416.208
2968,update,true,265015059727,265015060710,265015060836,265015072436,40.958,5.250,483.333,488.583,529.542
2969,update,true,265015256492,265015257330,265015257430,265015267136,34.917,4.167,404.417,408.583,443.500
2970,update,true,265015452257,265015453363,265015453479,265015467103,46.083,4.833,567.667,572.500,618.583
2971,update,true,265015645367,265015647549,265015647873,265015663259,90.917,13.500,641.083,654.583,745.500
2972,update,true,265015825107,265015825921,265015826036,265015834903,33.917,4.792,369.458,374.250,408.167
2973,update,true,265015999533,265016000295,265016000412,265016009932,31.750,4.875,396.667,401.542,433.292
2974,update,true,265016200063,265016201083,265016201214,265016213096,42.500,5.458,495.083,500.542,543.042
2975,update,true,265016388885,265016389822,265016389954,265016403525,39.042,5.500,565.458,570.958,610.000
2976,update,true,265016585514,265016586701,265016586863,265016600208,49.458,6.750,556.042,562.792,612.250
2977,update,true,265016784808,265016785914,265016786086,265016798458,46.083,7.167,515.500,522.667,568.750
2978,update,true,265016960459,265016961495,265016961650,265016990869,43.167,6.458,1217.458,1223.917,1267.083
2979,update,true,265017154219,265017155303,265017155469,265017167520,45.167,6.917,502.125,509.042,554.208
2980,update,true,265017339032,265017340404,265017340600,265017354355,57.167,8.167,573.125,581.292,638.458
2981,update,true,265017533756,265017534987,265017535126,265017547433,51.292,5.792,512.792,518.583,569.875
2982,update,true,265017733142,265017734628,265017734825,265017750048,61.917,8.208,634.292,642.500,704.417
2983,update,true,265017937858,265017939569,265017939756,265017954444,71.292,7.792,612.000,619.792,691.083
2984,update,true,265018147438,265018149541,265018149742,265018167518,87.625,8.375,740.667,749.042,836.667
2985,update,true,265018320963,265018322302,265018322439,265018333345,55.792,5.708,454.417,460.125,515.917
2986,update,true,265018510709,265018511996,265018512133,265018525438,53.625,5.708,554.375,560.083,613.708
2987,update,true,265018668207,265018669842,265018669994,265018682359,68.125,6.333,515.208,521.542,589.667
2988,update,true,265018857011,265018858204,265018858352,265018870664,49.708,6.167,513.000,519.167,568.875
2989,update,true,265019047978,265019049158,265019049290,265019064836,49.167,5.500,647.750,653.250,702.417
2990,update,true,265019236575,265019237713,265019237841,265019248545,47.417,5.333,446.000,451.333,498.750
2991,update,true,265019424035,265019424965,265019425092,265019434965,38.750,5.292,411.375,416.667,455.417
2992,update,true,265019615650,265019616575,265019616675,265019625880,38.542,4.167,383.542,387.708,426.250
2993,update,true,265019808657,265019809667,265019809793,265019820091,42.083,5.250,429.083,434.333,476.417
2994,update,true,265020000752,265020001709,265020001829,265020011228,39.875,5.000,391.625,396.625,436.500
2995,update,true,265020185740,265020186758,265020186891,265020200281,42.417,5.542,557.917,563.458,605.875
2996,update,true,265020379272,265020380139,265020380269,265020390764,36.125,5.417,437.292,442.708,478.833
2997,update,true,265020570650,265020571475,265020571586,265020579297,34.375,4.625,321.292,325.917,360.292
2998,update,true,265020758435,265020759290,265020759392,265020768677,35.625,4.250,386.875,391.125,426.750
2999,update,true,265020948740,265020949576,265020949733,265020958701,34.833,6.542,373.667,380.208,415.042
3000,update,true,265021142972,265021143691,265021143807,265021152206,29.958,4.833,349.958,354.792,384.750
3001,update,true,265021331195,265021332034,265021332138,265021341191,34.958,4.333,377.208,381.542,416.500
3002,update,true,265021530578,265021531354,265021531463,265021539095,32.333,4.542,318.000,322.542,354.875
3003,update,true,265021728765,265021729680,265021729788,265021738673,38.125,4.500,370.208,374.708,412.833
3004,update,true,265021931622,265021932394,265021932482,265021940739,32.167,3.667,344.042,347.708,379.875
3005,update,true,265022135777,265022136603,265022136683,265022145118,34.417,3.333,351.458,354.792,389.208
3006,update,true,265022324775,265022325678,265022325784,265022335213,37.625,4.417,392.875,397.292,434.917
3007,update,true,265022465711,265022466401,265022466497,265022474419,28.750,4.000,330.083,334.083,362.833
3008,update,true,265022658392,265022659298,265022659423,265022667788,37.750,5.208,348.542,353.750,391.500
3009,update,true,265022848462,265022849230,265022849330,265022857393,32.000,4.167,335.958,340.125,372.125
3010,update,true,265023036040,265023036755,265023036858,265023044669,29.792,4.292,325.458,329.750,359.542
3011,update,true,265023230817,265023231605,265023231697,265023239402,32.833,3.833,321.042,324.875,357.708
3012,update,true,265023419140,265023419980,265023420066,265023428470,35.000,3.583,350.167,353.750,388.750
3013,update,true,265023609017,265023609769,265023609860,265023617501,31.333,3.792,318.375,322.167,353.500
3014,update,true,265023797930,265023798614,265023798691,265023806184,28.500,3.208,312.208,315.417,343.917
3015,update,true,265023987662,265023988437,265023988525,265023998076,32.292,3.667,397.958,401.625,433.917
3016,update,true,265024179154,265024179795,265024179881,265024188442,26.708,3.583,356.708,360.292,387.000
3017,update,true,265024368719,265024369507,265024369604,265024376826,32.833,4.042,300.917,304.958,337.792
3018,update,true,265024558491,265024559278,265024559373,265024567668,32.792,3.958,345.625,349.583,382.375
3019,update,true,265024748699,265024749611,265024749717,265024758619,38.000,4.417,370.917,375.333,413.333
3020,update,true,265024938820,265024939726,265024939836,265024949005,37.750,4.583,382.042,386.625,424.375
3021,update,true,265025130074,265025131001,265025131096,265025139538,38.625,3.958,351.750,355.708,394.333
3022,update,true,265025327371,265025328246,265025328338,265025336624,36.458,3.833,345.250,349.083,385.542
3023,update,true,265025536907,265025537902,265025537997,265025546909,41.458,3.958,371.333,375.292,416.750
3024,update,true,265025730291,265025731284,265025731394,265025740840,41.375,4.583,393.583,398.167,439.542
3025,update,true,265025940202,265025941712,265025941892,265025957931,62.917,7.500,668.292,675.792,738.708
3026,update,true,265026127730,265026128656,265026128761,265026137717,38.583,4.375,373.167,377.542,416.125
3027,update,true,265026315889,265026316782,265026316883,265026325660,37.208,4.208,365.708,369.917,407.125
3028,update,true,265026465822,265026466695,265026466814,265026476304,36.375,4.958,395.417,400.375,436.750
3029,update,true,265026652500,265026653428,265026653542,265026664862,38.667,4.750,471.667,476.417,515.083
3030,update,true,265026842673,265026843671,265026843784,265026853540,41.583,4.708,406.500,411.208,452.792
3031,update,true,265027030440,265027031387,265027031507,265027040898,39.458,5.000,391.292,396.292,435.750
3032,update,true,265027219687,265027220637,265027220749,265027230587,39.583,4.667,409.917,414.583,454.167
3033,update,true,265027409196,265027410175,265027410307,265027419846,40.792,5.500,397.458,402.958,443.750
3034,update,true,265027600477,265027601342,265027601446,265027610437,36.042,4.333,374.625,378.958,415.000
3035,update,true,265027794304,265027795221,265027795353,265027806895,38.208,5.500,480.917,486.417,524.625
3036,update,true,265027981412,265027982365,265027982501,265027993761,39.708,5.667,469.167,474.833,514.542
3037,update,true,265028181819,265028182847,265028182984,265028194848,42.833,5.708,494.333,500.042,542.875
3038,update,true,265028364996,265028365998,265028366119,265028375684,41.750,5.042,398.542,403.583,445.333
3039,update,true,265028551348,265028552279,265028552392,265028562153,38.792,4.708,406.708,411.417,450.208
3040,update,true,265028740683,265028741683,265028741799,265028752711,41.667,4.833,454.667,459.500,501.167
3041,update,true,265028934549,265028935534,265028935647,265028945825,41.042,4.708,424.083,428.792,469.833
3042,update,true,265029135493,265029136889,265029137064,265029152591,58.167,7.292,646.958,654.250,712.417
3043,update,true,265029339407,265029341082,265029341997,265029356304,69.792,38.125,596.125,634.250,704.042
3044,update,true,265029540666,265029542011,265029542183,265029557217,56.042,7.167,626.417,633.583,689.625
3045,update,true,265029730234,265029731201,265029731308,265029740608,40.292,4.458,387.500,391.958,432.250
3046,update,true,265029937835,265029939183,265029939360,265029955076,56.167,7.375,654.833,662.208,718.375
3047,update,true,265030124815,265030126074,265030126185,265030135735,52.458,4.625,397.917,402.542,455.000
3048,update,true,265030318589,265030319529,265030319643,265030329391,39.167,4.750,406.167,410.917,450.083
3049,update,true,265030455775,265030456563,265030456672,265030465018,32.833,4.542,347.750,352.292,385.125
3050,update,true,265030645134,265030645924,265030646029,265030654144,32.917,4.375,338.125,342.500,375.417
3051,update,true,265030837985,265030838807,265030838914,265030848371,34.250,4.458,394.042,398.500,432.750
3052,update,true,265031027965,265031028989,265031029104,265031038868,42.667,4.792,406.833,411.625,454.292
3053,update,true,265031217070,265031218004,265031218117,265031227371,38.917,4.708,385.583,390.292,429.208
3054,update,true,265031405680,265031406539,265031406628,265031415564,35.792,3.708,372.333,376.042,411.833
3055,update,true,265031597896,265031598744,265031598858,265031607255,35.333,4.750,349.875,354.625,389.958
3056,update,true,265031785958,265031788067,265031788185,265031797601,87.875,4.917,392.333,397.250,485.125
3057,update,true,265031982630,265031983473,265031983579,265031994373,35.125,4.417,449.750,454.167,489.292
3058,update,true,265032168833,265032169679,265032169792,265032176838,35.250,4.708,293.583,298.292,333.542
3059,update,true,265032366347,265032367724,265032367894,265032380701,57.375,7.083,533.625,540.708,598.083
3060,update,true,265032552171,265032553227,265032553354,265032562826,44.000,5.292,394.667,399.958,443.958
3061,update,true,265032745790,265032747183,265032747354,265032762391,58.042,7.125,626.542,633.667,691.708
3062,update,true,265032941419,265032942317,265032942436,265032951485,37.417,4.958,377.042,382.000,419.417
3063,update,true,265033140766,265033142254,265033142442,265033158449,62.000,7.833,666.958,674.792,736.792
3064,update,true,265033342212,265033343669,265033343841,265033358139,60.708,7.167,595.750,602.917,663.625
3065,update,true,265033538705,265033540349,265033541126,265033550947,68.500,32.375,409.208,441.583,510.083
3066,update,true,265033734871,265033736297,265033736475,265033752278,59.417,7.417,658.458,665.875,725.292
3067,update,true,265033937632,265033938657,265033938778,265033948305,42.708,5.042,396.958,402.000,444.708
3068,update,true,265034117672,265034118619,265034118746,265034128296,39.458,5.292,397.917,403.208,442.667
3069,update,true,265034262548,265034263416,265034263519,265034273208,36.167,4.292,403.708,408.000,444.167
3070,update,true,265034448209,265034449116,265034449248,265034458575,37.792,5.500,388.625,394.125,431.917
3071,update,true,265034642020,265034642994,265034643130,265034652030,40.583,5.667,370.833,376.500,417.083
3072,update,true,265034828562,265034829361,265034829471,265034838064,33.292,4.583,358.042,362.625,395.917
3073,update,true,265035019580,265035020362,265035020463,265035028541,32.583,4.208,336.583,340.792,373.375
3074,update,true,265035208997,265035209832,265035209933,265035218300,34.792,4.208,348.625,352.833,387.625
3075,update,true,265035402389,265035403132,265035403227,265035411759,30.958,3.958,355.500,359.458,390.417
3076,update,true,265035589017,265035590417,265035590538,265035601574,58.333,5.042,459.833,464.875,523.208
3077,update,true,265035783536,265035784575,265035784704,265035796400,43.292,5.375,487.333,492.708,536.000
3078,update,true,265035967078,265035968078,265035968215,265035976667,41.667,5.708,352.167,357.875,399.542
3079,update,true,265036157159,265036158051,265036158167,265036167778,37.167,4.833,400.458,405.292,442.458
3080,update,true,265036348189,265036349248,265036349367,265036358776,44.125,4.958,392.042,397.000,441.125
3081,update,true,265036549793,265036551372,265036551542,265036565768,65.792,7.083,592.750,599.833,665.625
3082,update,true,265036742762,265036744205,265036744384,265036760338,60.125,7.458,664.750,672.208,732.333
3083,update,true,265036940508,265036942053,265036942216,265036958286,64.375,6.792,669.583,676.375,740.750
3084,update,true,265037141931,265037143324,265037143498,265037158829,58.042,7.250,638.792,646.042,704.083
3085,update,true,265037340720,265037341631,265037341744,265037351281,37.958,4.708,397.375,402.083,440.042
3086,update,true,265037531695,265037532708,265037532831,265037542544,42.208,5.125,404.708,409.833,452.042
3087,update,true,265037738104,265037739036,265037739161,265037752627,38.833,5.208,561.083,566.292,605.125
3088,update,true,265037904596,265037905591,265037905718,265037915950,41.458,5.292,426.333,431.625,473.083
3089,update,true,265038061977,265038062959,265038063070,265038073163,40.917,4.625,420.542,425.167,466.083
3090,update,true,265038251101,265038252458,265038252582,265038272731,56.542,5.167,839.542,844.708,901.250
3091,update,true,265038444119,265038445323,265038445446,265038455167,50.167,5.125,405.042,410.167,460.333
3092,update,true,265038628729,265038629776,265038629898,265038640433,43.625,5.083,438.958,444.042,487.667
3093,update,true,265038818456,265038819409,265038819532,265038829410,39.708,5.125,411.583,416.708,456.417
3094,update,true,265039009234,265039010269,265039010413,265039021480,43.125,6.000,461.125,467.125,510.250
3095,update,true,265039203957,265039204896,265039205015,265039215416,39.125,4.958,433.375,438.333,477.458
3096,update,true,265039392125,265039393190,265039393309,265039403642,44.375,4.958,430.542,435.500,479.875
3097,update,true,265039584394,265039585389,265039585517,265039595774,41.458,5.333,427.375,432.708,474.167
3098,update,true,265039781176,265039782224,265039782360,265039792454,43.667,5.667,420.583,426.250,469.917
3099,update,true,265039964010,265039964775,265039964885,265039974457,31.875,4.583,398.833,403.417,435.292
3100,update,true,265040155105,265040156102,265040156233,265040166572,41.542,5.458,430.792,436.250,477.792
3101,update,true,265040344892,265040345772,265040345898,265040354577,36.667,5.250,361.625,366.875,403.542
3102,update,true,265040536981,265040538002,265040538136,265040548212,42.542,5.583,419.833,425.417,467.958
3103,update,true,265040744743,265040746182,265040746356,265040758741,59.958,7.250,516.042,523.292,583.250
3104,update,true,265040937974,265040938964,265040939092,265040947536,41.250,5.333,351.833,357.167,398.417
3105,update,true,265041140597,265041141946,265041142110,265041154062,56.208,6.833,498.000,504.833,561.042
3106,update,true,265041338610,265041339985,265041340149,265041352159,57.292,6.833,500.417,507.250,564.542
3107,update,true,265041530304,265041531190,265041531308,265041539187,36.917,4.917,328.292,333.208,370.125
3108,update,true,265041722164,265041723411,265041723574,265041736121,51.958,6.792,522.792,529.583,581.542
3109,update,true,265041916777,265041917712,265041917831,265041925283,38.958,4.958,310.500,315.458,354.417
3110,update,true,265042052903,265042053849,265042053987,265042065579,39.417,5.750,483.000,488.750,528.167
3111,update,true,265042247818,265042248722,265042248847,265042256462,37.667,5.208,317.292,322.500,360.167
3112,update,true,265042435754,265042436581,265042436692,265042444441,34.458,4.625,322.875,327.500,361.958
3113,update,true,265042621551,265042622363,265042622476,265042629423,33.833,4.708,289.458,294.167,328.000
3114,update,true,265042814140,265042814973,265042815064,265042821563,34.708,3.792,270.792,274.583,309.292
3115,update,true,265043002382,265043003183,265043003299,265043010484,33.375,4.833,299.375,304.208,337.583
3116,update,true,265043201300,265043202083,265043202196,265043210009,32.625,4.708,325.542,330.250,362.875
3117,update,true,265043393172,265043393938,265043394040,265043402698,31.917,4.250,360.750,365.000,396.917
3118,update,true,265043589066,265043591332,265043591531,265043608771,94.417,8.292,718.333,726.625,821.042
3119,update,true,265043771021,265043771963,265043772072,265043781413,39.250,4.542,389.208,393.750,433.000
3120,update,true,265044144709,265044145632,265044145739,265044153410,38.458,4.458,319.625,324.083,362.542
3121,update,true,265044171000,265044171440,265044171509,265044178160,18.333,2.875,277.125,280.000,298.333
3122,update,true,265044333157,265044334063,265044334187,265044341446,37.750,5.167,302.458,307.625,345.375
3123,update,true,265044533249,265044534142,265044534255,265044542049,37.208,4.708,324.750,329.458,366.667
3124,update,true,265044729647,265044730569,265044730691,265044739839,38.417,5.083,381.167,386.250,424.667
3125,update,true,265044920780,265044921787,265044921905,265044930659,41.958,4.917,364.750,369.667,411.625
3126,update,true,265045135894,265045136981,265045137142,265045150656,45.292,6.708,563.083,569.792,615.083
3127,update,true,265045339265,265045340622,265045340796,265045352361,56.542,7.250,481.875,489.125,545.667
3128,update,true,265045515263,265045516322,265045516445,265045524661,44.125,5.125,342.333,347.458,391.583
3129,update,true,265045667667,265045668678,265045668800,265045677252,42.125,5.083,352.167,357.250,399.375
3130,update,true,265045854987,265045856136,265045856278,265045865986,47.875,5.917,404.500,410.417,458.292
3131,update,true,265046047178,265046048237,265046048362,265046059074,44.125,5.208,446.333,451.542,495.667
3132,update,true,265046241036,265046241942,265046242046,265046250955,37.750,4.333,371.208,375.542,413.292
3133,update,true,265046428316,265046429323,265046429456,265046439133,41.958,5.542,403.208,408.750,450.708
3134,update,true,265046622689,265046623685,265046623817,265046633626,41.500,5.500,408.708,414.208,455.708
3135,update,true,265046811821,265046812669,265046812791,265046820815,35.333,5.083,334.333,339.417,374.750
3136,update,true,265047002783,265047003654,265047003764,265047011454,36.292,4.583,320.417,325.000,361.292
3137,update,true,265047188018,265047188783,265047188885,265047196098,31.875,4.250,300.542,304.792,336.667
3138,update,true,265047380777,265047381726,265047381840,265047391567,39.542,4.750,405.292,410.042,449.583
3139,update,true,265047579303,265047580022,265047580139,265047589878,29.958,4.875,405.792,410.667,440.625
3140,update,true,265047758422,265047759271,265047759369,265047765863,35.375,4.083,270.583,274.667,310.042
3141,update,true,265047949727,265047950798,265047950918,265047959488,44.625,5.000,357.083,362.083,406.708
3142,update,true,265048143825,265048144705,265048144808,265048151781,36.667,4.292,290.542,294.833,331.500
3143,update,true,265048343249,265048344615,265048344786,265048359087,56.917,7.125,595.875,603.000,659.917
3144,update,true,265048540238,265048541259,265048541386,265048550341,42.542,5.292,373.125,378.417,420.958
3145,update,true,265048751605,265048753066,265048753251,265048766925,60.875,7.708,569.750,577.458,638.333
3146,update,true,265048944710,265048946241,265048946413,265048959740,63.792,7.167,555.292,562.458,626.250
3147,update,true,265049138034,265049138921,265049139041,265049146201,36.958,5.000,298.333,303.333,340.292
3148,update,true,265049338802,265049340073,265049340239,265049353120,52.958,6.917,536.708,543.625,596.583
3149,update,true,265049534746,265049535727,265049535843,265049544620,40.875,4.833,365.708,370.542,411.417
3150,update,true,265049664306,265049665670,265049665788,265049674593,56.833,4.917,366.875,371.792,428.625
3151,update,true,265049850772,265049851964,265049852075,265049863692,49.667,4.625,484.042,488.667,538.333
3152,update,true,265050038870,265050039837,265050039959,265050046958,40.292,5.083,291.625,296.708,337.000
3153,update,true,265050233202,265050234212,265050234337,265050242557,42.083,5.208,342.500,347.708,389.792
3154,update,true,265050419561,265050420424,265050420541,265050428273,35.958,4.875,322.167,327.042,363.000
3155,update,true,265050611240,265050612237,265050612357,265050622006,41.542,5.000,402.042,407.042,448.583
3156,update,true,265050804851,265050805788,265050805901,265050813420,39.042,4.708,313.292,318.000,357.042
3157,update,true,265050989151,265050990425,265050990547,265050999515,53.083,5.083,373.667,378.750,431.833
3158,update,true,265051183613,265051184503,265051184629,265051193963,37.083,5.250,388.917,394.167,431.250
3159,update,true,265051384824,265051386381,265051386574,265051400826,64.875,8.042,593.833,601.875,666.750
3160,update,true,265051566398,265051567370,265051567494,265051579186,40.500,5.167,487.167,492.333,532.833
3161,update,true,265051757668,265051758470,265051758568,265051765231,33.417,4.083,277.625,281.708,315.125
3162,update,true,265052129464,265052130440,265052130563,265052138805,40.667,5.125,343.417,348.542,389.208
3163,update,true,265052155181,265052155643,265052155702,265052160372,19.250,2.458,194.583,197.042,216.292
3164,update,true,265052337005,265052338071,265052338186,265052347436,44.417,4.792,385.417,390.208,434.625
3165,update,true,265052515785,265052516798,265052516923,265052525392,42.208,5.208,352.875,358.083,400.292
3166,update,true,265052717492,265052718537,265052718655,265052726814,43.542,4.917,339.958,344.875,388.417
3167,update,true,265052914676,265052915694,265052915805,265052923857,42.417,4.625,335.500,340.125,382.542
3168,update,true,265053142529,265053144215,265053144468,265053165104,70.250,10.542,859.833,870.375,940.625
3169,update,true,265053320129,265053321175,265053321295,265053329397,43.583,5.000,337.583,342.583,386.167
3170,update,true,265053516796,265053517792,265053517896,265053527687,41.500,4.333,407.958,412.292,453.792
3171,update,true,265053652094,265053653115,265053653245,265053665547,42.542,5.417,512.583,518.000,560.542
3172,update,true,265053847682,265053848657,265053848766,265053858000,40.625,4.542,384.750,389.292,429.917
3173,update,true,265054036263,265054037290,265054037414,265054047888,42.792,5.167,436.417,441.583,484.375
3174,update,true,265054223167,265054224117,265054224231,265054233476,39.583,4.750,385.208,389.958,429.542
3175,update,true,265054415957,265054416879,265054417002,265054425478,38.417,5.125,353.167,358.292,396.708
3176,update,true,265054608555,265054609499,265054609614,265054618304,39.333,4.792,362.083,366.875,406.208
3177,update,true,265054798086,265054798876,265054798975,265054806543,32.917,4.125,315.333,319.458,352.375
3178,update,true,265054985867,265054987048,265054987146,265054996607,49.208,4.083,394.208,398.292,447.500
3179,update,true,265055180279,265055181101,265055181217,265055192574,34.250,4.833,473.208,478.042,512.292
3180,update,true,265055370895,265055371794,265055371912,265055379651,37.458,4.917,322.458,327.375,364.833
3181,update,true,265055560031,265055560994,265055561182,265055570352,40.125,7.833,382.083,389.917,430.042
3182,update,true,265055749890,265055750806,265055750920,265055761054,38.167,4.750,422.250,427.000,465.167
3183,update,true,265055937125,265055938027,265055938127,265055946297,37.583,4.167,340.417,344.583,382.167
3184,update,true,265056132503,265056133361,265056133453,265056141963,35.750,3.833,354.583,358.417,394.167
3185,update,true,265056334190,265056335195,265056335320,265056344812,41.875,5.208,395.500,400.708,442.583
3186,update,true,265056536872,265056537788,265056537912,265056547427,38.167,5.167,396.458,401.625,439.792
3187,update,true,265056740954,265056741904,265056742004,265056750897,39.583,4.167,370.542,374.708,414.292
3188,update,true,265056944139,265056945060,265056945176,265056954941,38.375,4.833,406.875,411.708,450.083
3189,update,true,265057154546,265057156004,265057156191,265057170464,60.750,7.792,594.708,602.500,663.250
3190,update,true,265057322438,265057323365,265057323488,265057332499,38.625,5.125,375.458,380.583,419.208
3191,update,true,265057462690,265057463684,265057463785,265057473937,41.417,4.208,423.000,427.208,468.625
3192,update,true,265057650602,265057651549,265057651647,265057660651,39.458,4.083,375.167,379.250,418.708
3193,update,true,265057838012,265057838982,265057839106,265057848507,40.417,5.167,391.708,396.875,437.292
3194,update,true,265058034599,265058035438,265058035551,265058044289,34.958,4.708,364.083,368.792,403.750
3195,update,true,265058222419,265058223293,265058223396,265058231760,36.417,4.292,348.500,352.792,389.208
3196,update,true,265058407189,265058408009,265058408131,265058417250,34.167,5.083,379.958,385.042,419.208
3197,update,true,265058598507,265058599391,265058599499,265058608388,36.833,4.500,370.375,374.875,411.708
3198,update,true,265058797123,265058799111,265058799279,265058813892,82.833,7.000,608.875,615.875,698.708
3199,update,true,265058988335,265058989767,265058989949,265059006540,59.667,7.583,691.292,698.875,758.542
3200,update,true,265059188285,265059189859,265059190065,265059206947,65.583,8.583,703.417,712.000,777.583
3201,update,true,265059369181,265059370466,265059370645,265059381868,53.542,7.458,467.625,475.083,528.625
3202,update,true,265059552050,265059552999,265059553096,265059562365,39.542,4.042,386.208,390.250,429.792
3203,update,true,265059743885,265059744775,265059744892,265059754384,37.083,4.875,395.500,400.375,437.458
3204,update,true,265059936536,265059937590,265059937710,265059947959,43.917,5.000,427.042,432.042,475.958
3205,update,true,265060134664,265060135589,265060135705,265060143527,38.542,4.833,325.917,330.750,369.292
3206,update,true,265060327120,265060328086,265060328220,265060335416,40.250,5.583,299.833,305.417,345.667
3207,update,true,265060533929,265060534800,265060534901,265060542022,36.292,4.208,296.708,300.917,337.208
3208,update,true,265060733180,265060734143,265060734272,265060742092,40.125,5.375,325.833,331.208,371.333
3209,update,true,265060937745,265060938603,265060938717,265060945970,35.750,4.750,302.208,306.958,342.708
3210,update,true,265061111939,265061112658,265061112771,265061120248,29.958,4.708,311.542,316.250,346.208
3211,update,true,265061261669,265061262614,265061262730,265061271364,39.375,4.833,359.750,364.583,403.958
3212,update,true,265061446935,265061447990,265061448098,265061457007,43.958,4.500,371.208,375.708,419.667
3213,update,true,265061637239,265061638177,265061638271,265061647359,39.083,3.917,378.667,382.583,421.667
3214,update,true,265061828266,265061829191,265061829316,265061837615,38.542,5.208,345.792,351.000,389.542
3215,update,true,265062016750,265062017598,265062017713,265062025287,35.333,4.792,315.583,320.375,355.708
3216,update,true,265062209266,265062210296,265062210420,265062218743,42.917,5.167,346.792,351.958,394.875
3217,update,true,265062397455,265062398394,265062398518,265062406956,39.125,5.167,351.583,356.750,395.875
3218,update,true,265062588920,265062590545,265062590675,265062598782,67.708,5.417,337.792,343.208,410.917
3219,update,true,265062780851,265062781792,265062781924,265062792586,39.208,5.500,444.250,449.750,488.958
3220,update,true,265062979698,265062980700,265062980842,265062990565,41.750,5.917,405.125,411.042,452.792
3221,update,true,265063160700,265063161640,265063161750,265063171113,39.167,4.583,390.125,394.708,433.875
3222,update,true,265063354119,265063355086,265063355207,265063362995,40.292,5.042,324.500,329.542,369.833
3223,update,true,265063542437,265063543302,265063543417,265063551241,36.042,4.792,326.000,330.792,366.833
3224,update,true,265063734968,265063736089,265063736676,265063745217,46.708,24.458,355.875,380.333,427.042
